data_type,file_name,box_x,box_y,box_width,box_height,confidence,nose_x,nose_y,mouth_right_x,mouth_right_y,right_eye_x,right_eye_y,left_eye_x,left_eye_y,mouth_left_x,mouth_left_y,nose_to_left_eye,nose_to_right_eye,nose_to_mouth_left,nose_to_mouth_right,mouth_left_to_mouth_right,left_eye_to_right_eye
real,real_00001.jpg,72,66,140,189,0.990357,172,167,189,198,188,125,122,132,134,206,61.033,44.944,54.452,35.355,55.579,66.37
real,real_00002.jpg,56,62,140,184,0.995661,125,165,154,204,160,136,92,134,95,202,45.277,45.453,47.634,48.6,59.034,68.029
real,real_00003.jpg,50,51,125,184,0.912605,70,143,123,174,108,108,62,126,76,190,18.788,51.662,47.381,61.4,49.649,49.396
real,real_00004.jpg,59,64,127,165,0.999859,136,169,151,191,163,139,106,127,94,179,51.614,40.361,43.174,26.627,58.249,58.249
real,real_00005.jpg,44,55,134,180,0.998911,81,173,124,198,124,131,66,133,73,198,42.72,60.108,26.249,49.739,51.0,58.034
real,real_00006.jpg,44,18,170,236,0.998589,130,148,164,199,171,107,89,109,97,201,56.586,57.983,62.434,61.294,67.03,82.024
real,real_00007.jpg,70,33,135,208,0.999434,198,158,180,185,198,114,155,113,138,185,62.241,44.0,65.795,32.45,42.0,43.012
real,real_00008.jpg,72,69,123,161,0.997642,170,168,171,191,183,130,129,129,131,192,56.586,40.162,45.793,23.022,40.012,54.009
real,real_00009.jpg,66,0,159,235,0.999959,198,128,188,178,205,85,153,75,145,170,69.527,43.566,67.624,50.99,43.738,52.953
real,real_00010.jpg,40,20,170,228,0.999999,77,152,127,196,131,105,62,119,73,205,36.249,71.589,53.151,66.603,54.745,70.406
real,real_00011.jpg,58,47,148,196,0.993285,126,158,156,195,166,121,97,121,99,193,47.011,54.489,44.204,47.634,57.035,69.0
real,real_00012.jpg,48,60,158,188,0.999845,136,178,167,205,170,143,101,141,96,202,50.931,48.795,46.648,41.11,71.063,69.029
real,real_00013.jpg,58,57,132,180,0.998823,121,162,153,190,155,131,91,129,87,187,44.598,46.011,42.202,42.521,66.068,64.031
real,real_00014.jpg,51,57,144,177,0.999997,130,156,161,190,161,116,93,121,102,195,50.931,50.606,48.01,46.011,59.211,68.184
real,real_00015.jpg,55,51,145,188,0.998912,127,160,161,190,160,112,90,115,98,194,58.258,58.249,44.688,45.343,63.127,70.064
real,real_00016.jpg,44,52,166,197,0.999853,136,167,175,193,160,113,88,138,125,212,56.08,59.093,46.325,46.872,53.488,76.217
real,real_00017.jpg,41,46,163,209,0.99999,134,166,160,200,166,129,90,125,93,196,60.141,48.918,50.804,42.802,67.119,76.105
real,real_00018.jpg,53,73,121,158,0.994688,77,159,107,198,129,131,75,122,61,189,37.054,59.059,34.0,49.204,46.872,54.745
real,real_00019.jpg,57,71,130,181,0.991223,105,189,135,213,146,152,84,144,84,207,49.659,55.227,27.659,38.419,51.352,62.514
real,real_00020.jpg,58,51,144,194,0.988742,144,180,175,183,166,128,101,140,109,196,58.728,56.462,38.484,31.145,67.268,66.098
real,real_00021.jpg,49,55,149,188,0.999893,128,162,153,199,165,129,93,124,91,193,51.662,49.578,48.27,44.654,62.29,72.173
real,real_00022.jpg,59,31,153,196,0.999946,112,130,142,178,155,105,89,98,84,170,39.408,49.739,48.826,56.604,58.549,66.37
real,real_00023.jpg,45,27,171,204,0.999949,130,108,172,166,167,93,85,101,96,174,45.541,39.925,74.243,71.61,76.42,82.389
real,real_00024.jpg,53,22,162,225,0.98864,149,147,179,187,168,105,97,118,122,198,59.54,46.098,57.706,50.0,58.052,72.18
real,real_00025.jpg,58,49,148,197,0.961892,138,142,162,198,171,121,100,114,99,191,47.202,39.115,62.626,60.926,63.388,71.344
real,real_00026.jpg,42,43,160,198,0.999986,85,160,136,188,124,111,66,138,93,207,29.069,62.626,47.676,58.181,47.011,63.977
real,real_00027.jpg,30,11,170,235,0.992228,113,142,146,191,155,106,75,107,85,191,51.662,55.317,56.436,59.076,61.0,80.006
real,real_00028.jpg,51,46,141,182,0.999983,120,139,138,189,161,122,94,109,86,178,39.699,44.385,51.74,53.141,53.151,68.25
real,real_00029.jpg,34,29,185,190,0.981581,141,165,122,185,179,141,133,102,82,146,63.506,44.944,61.984,27.586,55.866,60.308
real,real_00030.jpg,58,74,123,169,0.995939,123,170,137,207,152,143,96,136,93,201,43.417,39.623,43.139,39.56,44.407,56.436
real,real_00031.jpg,54,66,127,183,0.999261,78,175,114,210,124,138,70,137,71,209,38.833,59.034,34.713,50.21,43.012,54.009
real,real_00032.jpg,41,51,153,193,0.999435,141,174,150,203,168,146,108,131,97,189,54.203,38.897,46.487,30.364,54.818,61.847
real,real_00033.jpg,36,7,178,238,0.997192,126,146,154,195,171,101,89,95,87,189,63.008,63.64,58.052,56.436,67.268,82.219
real,real_00034.jpg,32,10,201,237,0.999203,122,150,170,197,168,86,76,96,98,204,70.937,78.816,59.093,67.179,72.339,92.542
real,real_00035.jpg,69,78,130,169,0.999985,130,179,160,199,160,143,100,146,106,202,44.598,46.861,33.242,36.056,54.083,60.075
real,real_00036.jpg,70,60,117,180,0.997341,161,170,166,201,173,135,120,134,124,200,54.562,37.0,47.634,31.401,42.012,53.009
real,real_00037.jpg,42,22,181,229,0.916774,128,163,169,194,172,107,84,113,95,200,66.603,71.218,49.578,51.4,74.243,88.204
real,real_00038.jpg,65,66,133,165,0.999987,128,169,157,197,160,135,100,136,104,199,43.278,46.69,38.419,40.311,53.038,60.008
real,real_00039.jpg,62,48,149,186,0.999735,184,146,187,194,194,120,133,108,144,187,63.6,27.857,57.28,48.094,43.566,62.169
real,real_00040.jpg,66,53,146,195,0.999984,92,163,133,199,139,121,81,129,86,205,35.735,63.032,42.426,54.562,47.381,58.549
real,real_00041.jpg,36,31,160,203,0.986835,123,146,153,182,156,103,80,107,91,185,58.052,54.203,50.448,46.861,62.073,76.105
real,real_00042.jpg,58,52,136,188,0.999999,170,166,168,199,180,126,126,119,125,196,64.382,41.231,54.083,33.061,43.105,54.452
real,real_00043.jpg,77,43,133,209,0.996768,192,162,189,189,196,123,146,120,133,188,62.29,39.205,64.475,27.166,56.009,50.09
real,real_00044.jpg,48,38,145,205,0.998497,133,149,163,181,162,115,94,117,92,182,50.448,44.688,52.631,43.863,71.007,68.029
real,real_00045.jpg,58,53,140,186,0.999983,157,163,159,193,178,134,124,121,105,180,53.413,35.805,54.708,30.067,55.543,55.543
real,real_00046.jpg,44,39,163,214,0.983566,114,177,154,215,158,130,82,129,90,214,57.689,64.382,44.102,55.172,64.008,76.007
real,real_00047.jpg,58,45,134,175,0.999523,134,155,140,191,166,124,109,108,98,179,53.235,44.553,43.267,36.497,43.681,59.203
real,real_00048.jpg,66,47,131,182,0.999848,127,161,159,183,166,126,102,118,93,175,49.739,52.402,36.77,38.833,66.483,64.498
real,real_00049.jpg,52,55,136,192,0.999806,117,172,146,204,150,132,83,132,92,206,52.498,51.856,42.202,43.186,54.037,67.0
real,real_00050.jpg,86,60,123,179,0.998107,163,158,181,191,182,124,123,120,127,190,55.172,38.949,48.166,37.59,54.009,59.135
real,real_00051.jpg,55,55,131,184,0.99794,90,165,128,197,130,129,75,130,81,201,38.079,53.814,37.108,49.679,47.17,55.009
real,real_00052.jpg,59,74,134,171,0.969819,126,184,157,196,153,140,90,147,100,204,51.624,51.624,32.802,33.242,57.559,63.388
real,real_00053.jpg,73,55,130,184,0.995597,143,167,170,187,170,128,104,131,108,192,53.075,47.434,43.012,33.601,62.201,66.068
real,real_00054.jpg,61,46,148,203,0.998591,152,170,171,201,184,136,112,122,104,189,62.482,46.69,51.624,36.359,68.066,73.348
real,real_00055.jpg,64,29,142,203,0.999907,178,142,177,183,188,113,133,102,129,178,60.208,30.676,60.803,41.012,48.26,56.089
real,real_00056.jpg,68,28,151,211,0.999995,201,139,202,187,204,117,144,105,148,181,66.37,22.204,67.624,48.01,54.332,61.188
real,real_00057.jpg,55,20,164,210,0.999975,74,137,118,188,136,100,75,96,67,186,41.012,72.201,49.497,67.357,51.039,61.131
real,real_00058.jpg,39,6,179,236,0.998609,127,171,163,193,170,111,84,111,92,192,73.817,73.817,40.817,42.19,71.007,86.0
real,real_00059.jpg,45,53,144,192,0.998627,120,172,129,208,162,152,100,123,75,184,52.924,46.519,46.573,37.108,59.093,68.447
real,real_00060.jpg,40,4,172,214,0.999868,130,120,152,173,179,96,102,73,81,150,54.708,54.562,57.454,57.385,74.632,80.362
real,real_00061.jpg,27,0,193,239,0.988668,124,133,166,182,174,82,80,85,91,185,65.115,71.421,61.587,64.537,75.06,94.048
real,real_00062.jpg,70,79,126,163,0.999984,139,175,165,202,167,138,106,139,112,204,48.836,46.4,39.623,37.483,53.038,61.008
real,real_00063.jpg,27,0,189,245,0.998915,82,150,140,187,148,105,61,98,53,179,56.08,79.881,41.012,68.797,87.367,87.281
real,real_00064.jpg,51,64,132,167,0.999134,79,163,124,193,121,122,67,135,79,204,30.463,58.694,41.0,54.083,46.325,55.543
real,real_00065.jpg,58,45,143,207,0.96759,130,161,162,198,166,120,91,127,102,202,51.74,54.562,49.649,48.918,60.133,75.326
real,real_00066.jpg,31,33,186,219,0.999863,118,149,115,208,170,155,114,95,58,151,54.148,52.345,60.033,59.076,80.61,82.073
real,real_00067.jpg,47,35,161,206,0.990155,130,144,155,195,169,110,90,107,97,193,54.489,51.74,59.076,56.798,58.034,79.057
real,real_00068.jpg,45,57,156,194,0.99582,107,175,150,202,149,130,77,130,82,203,54.083,61.555,37.537,50.774,68.007,72.0
real,real_00069.jpg,39,28,173,227,0.992809,124,169,158,209,161,123,82,129,98,213,58.0,59.034,51.108,52.498,60.133,79.228
real,real_00070.jpg,54,77,125,157,0.985677,112,179,154,188,130,131,81,154,109,207,39.825,51.264,28.16,42.953,48.847,54.129
real,real_00071.jpg,54,64,134,170,1.0,119,164,141,196,153,128,89,125,95,194,49.204,49.518,38.419,38.833,46.043,64.07
real,real_00072.jpg,54,28,159,196,0.987487,111,127,166,163,143,90,79,118,109,186,33.242,48.918,59.034,65.734,61.465,69.857
real,real_00073.jpg,50,64,137,188,0.999092,72,173,118,209,126,133,64,138,70,212,35.903,67.201,39.051,58.412,48.094,62.201
real,real_00075.jpg,35,40,155,200,0.999909,89,153,135,187,129,112,62,127,80,197,37.483,57.28,44.911,57.201,55.902,68.659
real,real_00076.jpg,36,38,160,204,0.999261,125,138,151,191,161,109,87,103,90,188,51.662,46.228,61.033,59.034,61.074,74.243
real,real_00077.jpg,37,6,196,243,0.999605,170,147,186,189,192,84,109,92,123,193,82.134,66.731,65.765,44.944,63.127,83.385
real,real_00078.jpg,51,57,134,167,0.999652,121,142,148,187,157,122,88,119,89,184,40.224,41.183,52.802,52.479,59.076,69.065
real,real_00079.jpg,54,48,131,191,0.999709,76,165,128,189,118,123,68,127,79,192,38.833,59.397,27.166,57.271,49.092,50.16
real,real_00080.jpg,72,58,153,197,0.999317,157,169,182,207,193,127,117,122,115,203,61.717,55.317,54.037,45.486,67.119,76.164
real,real_00081.jpg,20,41,156,203,0.999999,46,143,84,197,110,123,49,116,27,190,27.166,67.052,50.695,66.03,57.428,61.4
real,real_00082.jpg,41,37,169,206,0.998692,134,153,165,191,165,122,90,126,100,194,51.624,43.841,53.263,49.041,65.069,75.107
real,real_00083.jpg,55,90,133,163,0.997961,123,191,152,210,154,159,94,157,90,207,44.688,44.553,36.674,34.67,62.073,60.033
real,real_00084.jpg,33,40,180,209,0.999862,123,162,174,183,151,113,76,136,95,205,53.712,56.436,51.313,55.154,82.006,78.447
real,real_00085.jpg,38,0,185,247,0.996087,113,151,166,176,160,99,74,102,78,180,62.626,70.093,45.453,58.6,88.091,86.052
real,real_00086.jpg,29,40,166,215,0.995861,103,166,142,206,142,125,66,130,79,209,51.624,56.586,49.244,55.866,63.071,76.164
real,real_00087.jpg,59,84,126,159,0.998976,116,175,142,203,154,148,90,141,87,195,42.802,46.615,35.228,38.21,55.579,64.382
real,real_00088.jpg,53,41,169,214,0.980441,147,169,180,198,175,127,102,140,119,210,53.535,50.478,49.649,43.932,62.169,74.148
real,real_00089.jpg,47,57,150,198,0.971567,121,182,146,211,160,149,92,141,83,205,50.22,51.088,44.418,38.288,63.285,68.469
real,real_00090.jpg,43,19,174,230,0.987592,141,159,176,190,173,107,92,118,107,197,63.891,61.057,50.99,46.755,69.354,81.744
real,real_00091.jpg,32,17,184,219,0.989056,114,168,141,200,161,117,80,106,83,193,70.711,69.354,39.825,41.869,58.421,81.744
real,real_00092.jpg,43,67,145,187,0.995449,91,183,139,205,127,142,67,146,78,206,44.102,54.562,26.42,52.802,61.008,60.133
real,real_00093.jpg,59,58,153,196,0.95256,145,177,173,201,170,135,103,144,118,209,53.413,48.877,41.869,36.878,55.579,67.602
real,real_00094.jpg,15,0,220,255,0.999664,118,160,169,199,171,96,72,95,75,198,79.63,83.096,57.385,64.203,94.005,99.005
real,real_00095.jpg,40,49,156,203,0.999335,116,163,144,204,156,137,82,132,83,201,46.011,47.707,50.329,49.649,61.074,74.169
real,real_00096.jpg,52,41,158,208,0.999456,133,167,152,205,170,126,96,120,101,200,59.816,55.227,45.967,42.485,51.245,74.243
real,real_00097.jpg,49,35,175,198,0.997868,105,144,136,197,168,116,87,99,74,185,48.466,68.942,51.4,61.4,63.151,82.765
real,real_00098.jpg,42,37,163,214,0.999843,133,169,157,208,173,134,96,125,90,201,57.489,53.151,53.6,45.793,67.365,77.524
real,real_00099.jpg,52,23,180,221,0.998814,167,152,203,178,181,101,109,127,135,202,63.159,52.887,59.363,44.407,72.111,76.551
real,real_00100.jpg,32,23,165,222,0.999627,103,152,136,196,154,118,73,109,66,188,52.431,61.294,51.624,55.0,70.456,81.498
real,real_00101.jpg,40,12,171,236,0.99959,123,151,160,184,166,108,89,104,84,180,58.009,60.811,48.6,49.578,76.105,77.104
real,real_00102.jpg,64,42,142,200,0.997884,129,156,153,198,169,128,100,122,98,193,44.688,48.826,48.27,48.374,55.227,69.26
real,real_00103.jpg,51,48,169,205,0.99789,178,183,190,202,197,125,125,132,122,208,73.553,61.033,61.327,22.472,68.264,72.339
real,real_00104.jpg,68,82,135,166,0.994185,148,179,170,205,175,144,113,146,118,207,48.104,44.204,41.037,34.059,52.038,62.032
real,real_00105.jpg,37,11,183,233,0.970581,118,138,166,175,166,90,82,87,77,171,62.426,67.882,52.631,60.605,89.09,84.054
real,real_00106.jpg,30,20,182,230,0.999723,146,161,164,186,175,103,92,101,95,186,80.722,64.846,56.798,30.806,69.0,83.024
real,real_00107.jpg,53,60,136,179,0.974622,115,166,146,196,149,129,85,134,93,199,43.863,50.249,39.661,43.139,53.085,64.195
real,real_00108.jpg,45,46,154,209,0.990231,124,175,149,217,160,133,88,133,96,217,55.317,55.317,50.478,48.877,53.0,72.0
real,real_00109.jpg,35,26,180,215,0.999715,133,164,163,192,173,104,85,103,94,192,77.621,72.111,48.01,41.037,69.0,88.006
real,real_00110.jpg,50,35,140,204,0.98676,113,157,146,186,148,114,83,115,87,187,51.614,55.444,39.699,43.932,59.008,65.008
real,real_00111.jpg,32,68,150,180,0.999984,79,164,119,203,123,131,61,133,66,204,35.847,55.0,42.059,55.866,53.009,62.032
real,real_00112.jpg,68,45,125,198,0.99417,171,156,174,190,175,116,117,118,128,195,66.03,40.2,58.052,34.132,46.271,58.034
real,real_00113.jpg,54,42,158,212,0.978981,143,162,178,194,171,122,96,134,115,206,54.708,48.826,52.154,47.424,64.133,75.954
real,real_00114.jpg,60,44,131,179,0.999968,95,149,134,178,128,108,77,121,95,189,33.287,52.631,40.0,48.6,40.522,52.631
real,real_00115.jpg,52,52,149,194,0.998706,127,161,157,193,159,125,97,119,95,191,51.614,48.166,43.863,43.863,62.032,62.29
real,real_00116.jpg,69,80,122,158,0.9996,138,165,152,194,163,132,109,128,108,192,47.011,41.4,40.361,32.202,44.045,54.148
real,real_00117.jpg,80,74,116,163,0.999272,143,173,158,200,165,138,114,135,118,198,47.802,41.34,35.355,30.887,40.05,51.088
real,real_00118.jpg,42,55,158,200,0.999871,117,193,148,221,160,141,86,137,90,218,64.008,67.476,36.797,41.773,58.078,74.108
real,real_00119.jpg,72,47,138,178,0.995583,182,151,184,179,193,114,143,109,134,174,57.315,38.601,53.226,28.071,50.249,50.249
real,real_00120.jpg,52,30,148,222,0.997906,137,168,164,201,167,118,93,121,99,203,64.382,58.31,51.662,42.638,65.031,74.061
real,real_00121.jpg,44,40,174,215,0.999992,127,165,168,204,170,121,89,121,92,203,58.138,61.522,51.662,56.586,76.007,81.0
real,real_00122.jpg,37,17,175,232,0.999853,124,165,167,196,159,115,83,123,96,204,58.694,61.033,48.01,53.009,71.449,76.42
real,real_00123.jpg,42,39,167,216,0.972995,138,167,159,208,167,131,95,134,99,212,54.203,46.228,59.548,46.065,60.133,72.062
real,real_00124.jpg,55,72,131,169,0.998771,134,170,160,194,161,138,101,136,97,191,47.381,41.869,42.544,35.384,63.071,60.033
real,real_00125.jpg,48,45,142,194,0.997213,114,157,137,197,151,124,87,117,89,192,48.26,49.578,43.012,46.141,48.26,64.382
real,real_00126.jpg,53,52,151,200,0.999311,139,168,164,203,169,133,98,135,107,204,52.631,46.098,48.166,43.012,57.009,71.028
real,real_00127.jpg,60,70,125,157,0.99888,111,162,140,188,144,124,87,129,96,191,40.804,50.329,32.65,38.949,44.102,57.219
real,real_00128.jpg,41,0,195,255,0.986696,133,152,186,181,181,89,85,90,85,181,78.409,79.202,56.08,60.415,101.0,96.005
real,real_00129.jpg,25,0,179,242,0.960734,102,140,153,176,153,88,70,86,61,170,62.769,72.835,50.804,62.426,92.195,83.024
real,real_00130.jpg,59,47,131,182,0.999989,126,150,159,175,155,115,95,117,97,177,45.277,45.453,39.623,41.4,62.032,60.033
real,real_00131.jpg,62,60,134,174,1.0,137,176,157,193,168,146,107,137,95,182,49.204,43.139,42.426,26.249,62.968,61.66
real,real_00132.jpg,47,38,153,203,0.994912,125,142,153,186,165,116,91,108,84,178,48.083,47.707,54.562,52.154,69.462,74.431
real,real_00133.jpg,43,0,183,238,0.999431,124,142,160,181,173,85,82,83,93,183,72.422,75.166,51.4,53.075,67.03,91.022
real,real_00134.jpg,45,47,152,197,0.992896,131,154,158,189,162,122,93,120,95,188,50.99,44.553,49.518,44.204,63.008,69.029
real,real_00135.jpg,53,62,144,193,0.998211,120,185,151,213,156,139,88,139,96,215,56.036,58.412,38.419,41.773,55.036,68.0
real,real_00136.jpg,48,40,145,201,0.999565,111,156,130,201,156,132,89,112,76,185,49.193,51.0,45.453,48.847,56.321,69.921
real,real_00137.jpg,41,34,160,214,0.99763,128,167,153,200,164,122,87,123,94,201,60.141,57.628,48.083,41.4,59.008,77.006
real,real_00138.jpg,51,37,144,194,0.99841,116,156,152,182,150,107,82,114,95,190,54.037,59.641,39.962,44.407,57.559,68.359
real,real_00139.jpg,57,47,157,208,0.986571,148,169,169,209,177,135,106,131,112,208,56.639,44.688,53.075,45.177,57.009,71.113
real,real_00140.jpg,55,55,138,192,0.999331,125,170,146,202,164,140,98,126,87,189,51.624,49.204,42.485,38.275,60.415,67.469
real,real_00141.jpg,54,46,137,186,0.999908,125,156,145,192,156,123,95,119,94,188,47.634,45.277,44.553,41.183,51.157,61.131
real,real_00142.jpg,50,46,149,187,0.999906,117,157,159,181,157,118,88,121,88,183,46.228,55.866,38.949,48.374,71.028,69.065
real,real_00143.jpg,38,59,169,186,0.999083,114,173,109,213,167,165,113,109,62,165,64.008,53.6,52.612,40.311,67.179,77.795
real,real_00144.jpg,54,43,144,188,0.99999,129,137,157,185,164,115,93,114,101,184,42.72,41.34,54.708,55.57,56.009,71.007
real,real_00145.jpg,56,55,125,165,0.999928,129,157,151,185,158,122,97,118,95,183,50.448,45.453,42.802,35.609,56.036,61.131
real,real_00146.jpg,26,0,188,237,0.979975,117,119,163,158,162,74,75,77,77,162,59.397,63.64,58.728,60.308,86.093,87.052
real,real_00147.jpg,75,34,157,207,0.999906,198,140,217,183,199,110,133,126,165,196,66.491,30.017,65.0,47.011,53.6,67.912
real,real_00148.jpg,46,47,144,193,0.992665,104,170,116,208,153,147,97,121,68,187,49.497,54.129,39.812,39.85,52.393,61.741
real,real_00149.jpg,48,61,120,164,0.999071,89,157,111,189,125,129,73,128,71,188,33.121,45.607,35.847,38.833,40.012,52.01
real,real_00150.jpg,40,34,163,210,0.999979,120,161,155,193,162,115,81,115,84,192,60.308,62.29,47.508,47.424,71.007,81.0
real,real_00151.jpg,56,45,136,192,0.999722,124,161,150,189,155,123,92,123,95,189,49.679,49.041,40.311,38.21,55.0,63.0
real,real_00152.jpg,55,61,121,176,0.999509,104,167,125,198,140,136,85,129,83,193,42.485,47.508,33.422,37.443,42.297,55.444
real,real_00153.jpg,54,19,146,211,1.0,66,137,108,182,124,106,70,102,62,178,35.228,65.765,41.195,61.555,46.174,54.148
real,real_00154.jpg,52,44,138,211,0.998565,98,172,134,212,147,134,80,128,78,205,47.539,62.008,38.588,53.814,56.436,67.268
real,real_00155.jpg,27,0,196,255,0.999872,173,155,178,197,202,108,123,88,101,183,83.6,55.227,77.253,42.297,78.262,81.492
real,real_00156.jpg,80,75,120,173,0.99992,181,175,189,203,186,136,137,147,149,212,52.154,39.319,48.918,29.12,41.0,50.22
real,real_00157.jpg,41,19,177,226,0.999831,122,141,170,178,168,109,87,108,86,178,48.104,56.036,51.624,60.605,84.0,81.006
real,real_00158.jpg,51,37,160,210,0.99975,106,166,152,198,142,116,77,139,104,212,39.623,61.612,46.043,56.036,50.0,68.949
real,real_00159.jpg,59,40,154,211,0.996474,152,153,177,198,176,119,110,123,122,201,51.614,41.617,56.604,51.478,55.082,66.121
real,real_00160.jpg,50,61,140,189,0.999965,124,174,150,205,155,143,91,134,87,198,51.856,43.841,44.102,40.46,63.388,64.63
real,real_00161.jpg,31,24,155,220,0.999999,64,153,106,191,115,113,52,120,57,196,35.114,64.815,43.566,56.639,49.254,63.388
real,real_00162.jpg,48,61,152,182,0.989053,120,155,147,198,160,117,87,117,97,197,50.329,55.172,47.885,50.774,50.01,73.0
real,real_00163.jpg,56,62,138,179,0.999967,96,165,125,200,142,127,83,123,79,196,43.966,59.666,35.355,45.453,46.174,59.135
real,real_00164.jpg,62,51,142,191,0.98917,130,168,162,199,164,121,97,126,107,201,53.413,58.009,40.224,44.553,55.036,67.186
real,real_00165.jpg,76,32,133,190,0.997204,193,134,190,182,199,116,144,101,142,170,59.076,18.974,62.426,48.094,49.477,57.009
real,real_00166.jpg,63,70,120,164,1.0,130,164,152,189,157,136,100,130,95,183,45.343,38.897,39.825,33.302,57.315,57.315
real,real_00167.jpg,61,65,137,176,0.999126,133,172,167,192,165,133,100,137,105,194,48.104,50.448,35.609,39.446,62.032,65.123
real,real_00168.jpg,63,73,131,171,0.998553,125,173,147,202,159,142,100,131,93,192,48.877,46.011,37.216,36.401,54.918,60.017
real,real_00169.jpg,68,71,129,183,0.999994,173,181,166,215,183,158,136,140,124,200,55.227,25.08,52.555,34.713,44.598,50.329
real,real_00170.jpg,40,53,161,202,0.934292,118,170,149,216,156,137,81,137,87,216,49.578,50.329,55.471,55.471,62.0,75.0
real,real_00171.jpg,55,50,146,193,0.999593,126,147,156,188,158,115,93,116,98,186,45.277,45.255,48.01,50.804,58.034,65.008
real,real_00172.jpg,59,52,126,181,0.999065,93,159,128,193,140,124,81,118,77,188,42.72,58.6,33.121,48.795,51.245,59.304
real,real_00173.jpg,56,66,137,177,0.996569,121,166,156,195,148,123,88,140,112,209,42.012,50.774,43.932,45.453,46.174,62.362
real,real_00174.jpg,51,33,148,212,0.98885,129,159,156,197,162,117,92,118,98,198,55.227,53.413,49.82,46.615,58.009,70.007
real,real_00175.jpg,55,41,142,201,0.993457,113,161,149,191,152,122,83,122,88,192,49.204,55.154,39.825,46.861,61.008,69.0
real,real_00176.jpg,61,65,134,175,0.99808,101,173,147,194,139,128,81,142,96,204,36.892,58.898,31.401,50.567,51.971,59.666
real,real_00177.jpg,42,43,135,179,0.999644,85,142,103,186,134,132,75,106,54,163,37.363,50.01,37.443,47.539,54.129,64.475
real,real_00178.jpg,39,38,154,182,0.999965,118,138,162,167,152,105,79,113,85,176,46.325,47.381,50.329,52.697,77.524,73.437
real,real_00179.jpg,84,77,101,144,0.995057,173,174,167,192,177,135,139,142,141,198,46.69,39.205,40.0,18.974,26.683,38.639
real,real_00180.jpg,42,59,155,196,0.975782,127,191,148,225,164,156,90,144,85,217,59.816,50.931,49.396,39.962,63.506,74.967
real,real_00181.jpg,40,63,152,187,0.986227,101,170,133,207,144,137,75,139,78,208,40.46,54.203,44.418,48.918,55.009,69.029
real,real_00182.jpg,67,71,131,177,0.987605,127,186,157,204,162,143,97,141,99,202,54.083,55.444,32.249,34.986,58.034,65.031
real,real_00183.jpg,45,60,156,195,0.999695,139,177,151,215,175,148,102,126,84,197,63.008,46.228,58.523,39.85,69.376,76.243
real,real_00184.jpg,65,76,119,165,0.994488,129,182,147,208,157,148,100,143,101,203,48.6,44.045,35.0,31.623,46.271,57.219
real,real_00185.jpg,53,59,145,183,0.99996,122,176,165,187,155,134,88,138,86,190,50.99,53.413,38.626,44.385,79.057,67.119
real,real_00186.jpg,59,29,160,220,0.999907,139,161,173,198,170,119,97,125,113,204,55.317,52.202,50.249,50.249,60.299,73.246
real,real_00187.jpg,45,41,156,158,0.999999,126,87,155,147,163,90,88,87,91,147,38.0,37.121,69.462,66.641,64.0,75.06
real,real_00188.jpg,59,46,137,198,0.994734,139,171,157,198,166,124,101,121,103,197,62.801,54.203,44.407,32.45,54.009,65.069
real,real_00189.jpg,50,42,148,208,0.999713,144,173,153,208,171,134,105,123,104,201,63.411,47.434,48.826,36.139,49.497,66.91
real,real_00190.jpg,36,25,154,215,0.990564,103,144,137,189,147,106,75,106,72,189,47.202,58.138,54.644,56.4,65.0,72.0
real,real_00191.jpg,63,72,121,161,0.999946,159,159,161,189,169,126,120,121,115,184,54.452,34.482,50.606,30.067,46.271,49.254
real,real_00192.jpg,40,56,135,184,0.997463,79,182,102,215,132,155,74,125,54,191,57.219,59.481,26.571,40.224,53.666,65.299
real,real_00193.jpg,70,64,118,159,0.999875,109,160,125,195,149,136,97,118,85,181,43.681,46.648,31.89,38.484,42.379,55.027
real,real_00194.jpg,47,57,142,180,0.999997,111,163,140,195,143,122,79,127,91,197,48.166,52.01,39.446,43.186,49.041,64.195
real,real_00195.jpg,55,49,157,196,0.954424,99,173,151,192,140,112,77,128,98,207,50.09,73.498,34.015,55.362,55.082,65.0
real,real_00196.jpg,40,55,145,186,0.999577,100,172,139,199,136,132,71,138,85,203,44.688,53.814,34.438,47.434,54.148,65.276
real,real_00197.jpg,35,74,142,168,0.996325,83,185,120,211,130,150,68,138,62,202,49.336,58.6,27.019,45.222,58.694,63.151
real,real_00198.jpg,34,13,157,207,0.948929,84,110,113,165,142,91,73,83,60,161,29.155,61.033,56.365,62.177,53.151,69.462
real,real_00199.jpg,26,2,165,223,0.999076,56,117,103,171,117,80,50,84,48,171,33.541,71.344,54.589,71.589,55.0,67.119
real,real_00200.jpg,15,0,181,253,0.960218,143,142,157,191,166,86,85,86,97,192,80.623,60.539,67.941,50.961,60.008,81.0
real,real_00201.jpg,49,33,149,200,0.955872,126,154,152,183,162,104,92,99,91,179,64.661,61.612,43.012,38.949,61.131,70.178
real,real_00202.jpg,25,0,205,244,0.999926,112,169,142,207,181,138,96,90,52,158,80.604,75.644,61.0,48.415,102.474,97.617
real,real_00203.jpg,38,0,188,255,0.995531,126,137,164,182,177,85,93,70,73,166,74.686,72.835,60.415,58.898,92.396,85.329
real,real_00204.jpg,38,0,189,244,0.997874,114,148,170,172,166,87,74,93,79,177,68.007,80.156,45.453,60.926,91.137,92.195
real,real_00205.jpg,62,79,133,168,0.997911,116,183,152,204,150,146,90,147,95,205,44.407,50.249,30.414,41.677,57.009,60.008
real,real_00206.jpg,50,59,137,187,0.918638,106,172,139,202,147,132,85,128,79,199,48.754,57.28,38.184,44.598,60.075,62.129
real,real_00207.jpg,57,63,135,182,0.999898,84,157,124,195,130,125,72,133,78,202,26.833,56.036,45.398,55.172,46.53,58.549
real,real_00208.jpg,61,60,135,179,0.999202,136,154,160,193,162,121,104,122,110,194,45.255,42.012,47.707,45.793,50.01,58.009
real,real_00209.jpg,66,84,126,162,0.993252,126,180,151,209,155,143,96,147,107,212,44.598,47.011,37.216,38.288,44.102,59.135
real,real_00210.jpg,50,42,145,194,0.997071,94,148,122,193,149,120,86,108,70,184,40.792,61.717,43.267,53.0,52.773,64.133
real,real_00211.jpg,62,44,132,196,0.9977,164,157,167,191,179,124,120,116,120,187,60.141,36.249,53.254,34.132,47.17,59.54
real,real_00212.jpg,44,31,168,214,0.999282,97,152,152,183,133,98,69,129,104,205,36.235,64.9,53.46,63.135,52.802,71.113
real,real_00213.jpg,48,36,155,205,0.999486,122,163,161,185,168,117,85,108,77,178,66.287,65.054,47.434,44.777,84.291,83.487
real,real_00214.jpg,61,58,134,177,0.99997,99,159,119,201,152,139,91,108,70,174,51.624,56.648,32.65,46.519,55.946,68.425
real,real_00215.jpg,54,76,134,172,0.998886,113,187,122,219,157,167,99,140,75,197,49.041,48.332,39.294,33.242,51.894,63.977
real,real_00216.jpg,59,55,134,192,0.995462,123,175,150,208,159,139,94,134,94,205,50.22,50.912,41.725,42.638,56.08,65.192
real,real_00217.jpg,17,0,214,255,0.960111,148,153,178,205,187,106,91,106,104,206,73.878,61.074,68.884,60.033,74.007,96.0
real,real_00218.jpg,43,0,175,235,0.982697,141,123,180,162,170,84,94,87,96,165,59.203,48.6,61.555,55.154,84.054,76.059
real,real_00219.jpg,49,0,181,230,0.999988,208,122,215,168,204,74,140,85,158,179,77.414,48.166,75.822,46.53,58.052,64.938
real,real_00220.jpg,42,57,136,185,0.999883,75,173,121,198,116,128,62,135,73,205,40.162,60.877,32.062,52.355,48.508,54.452
real,real_00221.jpg,57,48,134,200,0.988192,117,164,132,207,155,135,92,122,84,198,48.877,47.802,47.381,45.541,48.836,64.327
real,real_00222.jpg,74,65,127,180,0.982602,154,174,159,206,184,139,124,127,111,197,55.758,46.098,48.765,32.388,48.836,61.188
real,real_00223.jpg,16,0,193,255,0.997895,79,131,139,183,133,80,53,103,73,198,38.21,74.277,67.268,79.398,67.683,83.241
real,real_00224.jpg,22,0,211,238,0.932997,108,144,154,185,176,95,79,69,59,160,80.411,83.815,51.546,61.62,98.234,100.424
real,real_00225.jpg,68,75,128,170,0.999416,131,179,160,202,160,142,102,145,106,206,44.688,47.011,36.797,37.014,54.148,58.078
real,real_00226.jpg,54,24,166,218,0.999976,146,162,174,188,176,108,103,115,120,194,63.702,61.774,41.231,38.21,54.332,73.335
real,real_00227.jpg,57,46,151,198,0.99898,132,163,160,203,167,121,94,122,103,202,55.902,54.672,48.6,48.826,57.009,73.007
real,real_00228.jpg,45,50,156,188,0.999569,118,163,126,204,162,155,106,115,69,166,49.477,44.721,49.092,41.773,68.505,68.819
real,real_00229.jpg,54,63,134,180,0.99904,124,177,154,196,152,136,89,140,93,198,50.931,49.649,37.443,35.511,61.033,63.127
real,real_00230.jpg,63,75,132,180,0.998041,131,184,158,208,159,150,97,151,102,208,47.381,44.045,37.643,36.125,56.0,62.008
real,real_00231.jpg,64,68,110,160,0.988775,102,166,133,192,135,131,83,131,89,192,39.825,48.104,29.069,40.46,44.0,52.0
real,real_00232.jpg,50,47,139,181,0.999997,119,155,146,183,150,116,88,118,93,187,48.27,49.82,41.231,38.897,53.151,62.032
real,real_00233.jpg,55,53,133,179,0.9981,122,157,137,199,158,132,98,119,89,189,44.944,43.829,45.967,44.598,49.031,61.392
real,real_00234.jpg,60,54,128,178,0.993376,130,150,162,182,161,118,98,117,97,182,45.967,44.553,45.967,45.255,65.0,63.008
real,real_00235.jpg,57,51,155,199,0.998632,141,176,174,198,178,133,107,127,102,193,59.641,56.727,42.544,39.661,72.173,71.253
real,real_00236.jpg,41,18,163,224,0.989338,121,165,164,176,163,100,77,103,80,180,76.026,77.389,43.658,44.385,84.095,86.052
real,real_00237.jpg,32,20,179,235,0.999983,133,160,157,196,171,104,85,101,87,193,76.059,67.676,56.613,43.267,70.064,86.052
real,real_00238.jpg,33,15,178,233,0.994624,119,133,161,184,166,111,81,103,72,175,48.415,51.894,63.032,66.068,89.454,85.376
real,real_00239.jpg,64,87,124,158,0.999829,122,178,146,211,155,142,96,144,105,210,42.802,48.836,36.235,40.804,41.012,59.034
real,real_00240.jpg,41,39,160,216,0.999968,65,173,109,217,124,127,61,129,63,216,44.181,74.813,43.046,62.225,46.011,63.032
real,real_00241.jpg,47,25,150,211,0.981345,125,163,158,197,163,116,88,115,93,197,60.605,60.44,46.69,47.381,65.0,75.007
real,real_00242.jpg,63,61,145,185,0.999974,119,170,165,192,149,121,87,144,113,210,41.231,57.454,40.447,50.99,55.027,66.129
real,real_00243.jpg,54,65,129,169,0.99999,90,165,142,183,128,123,73,135,84,195,34.482,56.639,30.594,55.027,59.228,56.294
real,real_00244.jpg,63,52,139,186,0.999702,129,166,152,198,165,132,98,127,100,194,49.82,49.518,40.311,39.408,52.154,67.186
real,real_00245.jpg,52,52,146,188,0.997671,116,161,152,196,153,126,85,131,94,200,43.139,50.931,44.777,50.21,58.138,68.184
real,real_00246.jpg,59,44,139,194,0.999999,80,145,111,197,140,123,83,113,67,188,32.14,63.906,44.922,60.539,44.911,57.871
real,real_00247.jpg,57,56,139,184,0.999699,134,160,165,186,161,129,96,133,98,192,46.615,41.11,48.166,40.46,67.268,65.123
real,real_00248.jpg,76,72,121,164,0.978069,137,173,160,193,165,140,112,133,104,187,47.17,43.278,35.847,30.48,56.321,53.46
real,real_00249.jpg,49,51,144,188,0.999648,125,162,159,184,153,120,87,125,93,189,53.038,50.478,41.869,40.497,66.189,66.189
real,real_00250.jpg,44,46,140,180,0.998383,88,146,118,189,143,123,83,102,61,167,44.283,59.615,34.205,52.431,61.098,63.569
real,real_00251.jpg,54,48,139,191,0.999248,123,166,148,195,154,125,91,124,95,194,52.802,51.4,39.598,38.288,53.009,63.008
real,real_00252.jpg,64,46,136,198,0.929858,128,176,157,199,159,127,92,130,103,201,58.412,57.983,35.355,37.014,54.037,67.067
real,real_00253.jpg,36,29,175,204,0.999998,122,111,161,167,157,96,80,105,94,176,42.426,38.079,70.774,68.242,67.602,77.524
real,real_00254.jpg,61,79,129,164,0.999999,126,180,145,207,162,139,102,129,94,199,56.365,54.562,37.216,33.015,51.624,60.828
real,real_00255.jpg,73,62,127,180,0.99593,174,170,183,199,182,126,128,134,146,206,58.412,44.721,45.607,30.364,37.656,54.589
real,real_00256.jpg,74,60,121,173,0.985653,133,159,157,190,162,127,104,128,112,192,42.45,43.186,39.115,39.205,45.044,58.009
real,real_00257.jpg,49,34,159,209,0.999242,140,160,177,180,162,114,92,130,106,196,56.604,50.99,49.518,42.059,72.78,71.805
real,real_00258.jpg,62,28,141,183,0.999999,126,118,144,168,165,110,101,96,93,156,33.302,39.812,50.329,53.141,52.393,65.513
real,real_00259.jpg,39,58,165,183,0.997373,131,157,183,167,143,100,82,140,130,202,51.865,58.249,45.011,52.953,63.514,72.945
real,real_00260.jpg,53,55,138,186,1.0,122,156,151,191,153,125,90,127,95,192,43.186,43.841,45.0,45.453,56.009,63.032
real,real_00261.jpg,58,76,146,179,0.993506,137,197,162,224,170,153,97,155,104,223,58.0,55.0,42.012,36.797,58.009,73.027
real,real_00262.jpg,65,68,123,167,0.996836,131,172,149,200,158,141,101,136,102,197,46.861,41.11,38.288,33.287,47.096,57.219
real,real_00263.jpg,63,57,135,195,0.999985,118,182,151,206,160,147,95,137,87,198,50.537,54.672,34.886,40.804,64.498,65.765
real,real_00264.jpg,53,43,153,208,0.989366,123,167,153,206,160,125,88,127,99,208,53.151,55.973,47.508,49.204,54.037,72.028
real,real_00265.jpg,58,49,148,175,0.979561,127,137,161,179,162,115,94,127,106,189,34.482,41.34,56.08,54.037,55.902,69.051
real,real_00266.jpg,46,47,141,193,0.999998,71,165,126,188,114,122,60,122,70,189,44.385,60.811,24.021,59.615,56.009,54.0
real,real_00267.jpg,65,64,128,187,0.984037,149,183,157,215,175,147,114,140,110,211,55.444,44.407,48.01,32.985,47.17,61.4
real,real_00268.jpg,55,50,140,183,0.99995,92,160,134,188,140,123,78,128,81,192,34.928,60.605,33.838,50.478,53.151,62.201
real,real_00269.jpg,40,19,190,236,0.998429,143,164,192,188,174,94,87,119,123,211,71.84,76.557,51.078,54.562,72.732,90.521
real,real_00270.jpg,63,69,143,186,0.999626,154,183,182,207,166,140,106,160,133,223,53.226,44.643,45.177,36.878,51.546,63.246
real,real_00271.jpg,44,53,151,190,0.998443,117,162,149,196,156,122,85,120,86,193,52.802,55.866,43.841,46.69,63.071,71.028
real,real_00272.jpg,36,21,176,209,0.997502,91,129,144,176,148,105,65,112,68,185,31.064,61.847,60.539,70.838,76.531,83.295
real,real_00273.jpg,64,49,125,192,0.995527,160,166,172,193,163,126,107,136,129,203,60.902,40.112,48.27,29.547,44.147,56.886
real,real_00274.jpg,53,57,136,191,0.998441,140,183,135,214,166,153,112,130,95,200,59.942,39.699,48.104,31.401,42.379,58.694
real,real_00275.jpg,49,43,160,212,0.999967,157,176,151,219,183,155,123,125,103,197,61.294,33.422,57.94,43.417,52.802,67.082
real,real_00276.jpg,51,54,128,181,0.989516,106,166,139,191,141,132,83,129,79,187,43.566,48.795,34.205,41.4,60.133,58.078
real,real_00277.jpg,70,67,139,183,0.999118,130,178,169,198,153,132,97,155,127,215,40.224,51.43,37.121,43.829,45.31,60.539
real,real_00278.jpg,63,69,118,170,0.999642,105,178,134,207,149,148,90,136,83,198,44.598,53.254,29.732,41.012,51.788,60.208
real,real_00279.jpg,63,69,136,182,0.982274,160,194,184,196,168,138,108,159,119,217,62.682,56.569,47.011,24.083,68.308,63.569
real,real_00280.jpg,49,45,161,192,0.999818,151,135,190,171,163,99,93,131,139,196,58.138,37.947,62.169,53.075,56.798,76.968
real,real_00281.jpg,55,63,141,184,0.995495,120,174,158,192,148,132,84,143,95,202,47.508,50.478,37.537,42.048,63.789,64.938
real,real_00282.jpg,25,34,167,220,0.999463,118,174,116,219,159,148,94,116,66,193,62.769,48.549,55.362,45.044,56.356,72.45
real,real_00283.jpg,45,59,140,181,0.992825,110,168,147,188,137,121,75,136,92,203,47.424,54.203,39.357,42.059,57.009,63.789
real,real_00284.jpg,61,54,144,192,0.99994,87,178,137,203,125,125,74,146,99,217,34.54,65.215,40.804,55.902,40.497,55.154
real,real_00285.jpg,43,42,152,202,0.993766,100,140,134,192,151,126,75,121,67,187,31.401,52.887,57.428,62.129,67.186,76.164
real,real_00286.jpg,41,63,140,187,0.999198,123,174,138,207,160,149,94,135,84,194,48.6,44.654,43.829,36.249,55.543,67.469
real,real_00287.jpg,75,69,135,175,0.986625,157,179,175,202,177,137,117,140,130,207,55.866,46.519,38.897,29.206,45.277,60.075
real,real_00288.jpg,51,42,138,202,0.999844,72,166,123,195,115,116,60,125,75,202,42.72,65.947,36.125,58.669,48.508,55.731
real,real_00289.jpg,51,63,138,184,0.998596,96,175,118,217,146,150,83,131,69,203,45.88,55.902,38.897,47.413,50.961,65.803
real,real_00290.jpg,55,50,150,191,0.991187,128,162,156,197,163,122,94,126,106,200,49.518,53.151,43.909,44.822,50.09,69.116
real,real_00291.jpg,57,48,142,199,0.999798,114,172,136,211,155,139,92,127,86,202,50.09,52.631,41.037,44.777,50.804,64.133
real,real_00292.jpg,78,64,126,184,0.964611,168,181,183,198,184,139,125,149,136,208,53.6,44.944,41.869,22.672,48.052,59.841
real,real_00293.jpg,52,40,161,208,0.998629,134,160,167,195,165,120,96,127,109,202,50.329,50.606,48.877,48.104,58.421,69.354
real,real_00294.jpg,62,53,137,183,0.998289,151,167,177,184,161,120,101,141,129,201,56.356,48.052,40.497,31.064,50.922,63.569
real,real_00295.jpg,57,46,145,197,0.980453,112,156,158,186,143,111,81,134,107,203,38.013,54.644,47.265,54.918,53.759,66.129
real,real_00296.jpg,67,68,142,179,0.983266,151,182,158,207,180,148,121,132,104,193,58.31,44.688,48.27,25.962,55.785,61.131
real,real_00297.jpg,65,66,125,177,0.996908,112,178,141,206,152,147,92,139,88,197,43.829,50.606,30.61,40.311,53.759,60.531
real,real_00298.jpg,62,71,127,175,0.996814,123,181,147,209,159,144,95,141,99,206,48.826,51.624,34.655,36.878,48.094,64.07
real,real_00299.jpg,52,75,128,166,0.999832,89,176,128,197,120,131,66,142,85,206,41.049,54.644,30.265,44.294,43.932,55.109
real,real_00300.jpg,59,64,130,176,0.992593,119,178,138,202,157,143,96,132,86,193,51.43,51.662,36.249,30.61,52.773,61.984
real,real_00301.jpg,48,71,143,166,0.998636,109,174,152,188,141,128,78,140,92,197,46.011,56.036,28.601,45.222,60.671,64.133
real,real_00302.jpg,55,40,142,190,0.999761,94,156,156,172,134,115,77,131,91,189,30.232,57.28,33.136,64.031,67.186,59.203
real,real_00303.jpg,65,72,127,173,0.979979,127,177,155,198,158,140,98,140,101,200,47.011,48.27,34.713,35.0,54.037,60.0
real,real_00304.jpg,43,36,160,216,0.999896,127,165,158,201,161,120,90,121,98,200,57.489,56.4,45.453,47.508,60.008,71.007
real,real_00305.jpg,69,59,134,185,0.976049,141,179,167,195,164,131,99,141,115,206,56.639,53.226,37.483,30.529,53.151,65.765
real,real_00306.jpg,60,64,132,178,0.972109,117,177,150,199,149,136,89,139,100,204,47.202,52.01,31.906,39.661,50.249,60.075
real,real_00307.jpg,39,25,159,220,0.999853,92,160,142,184,138,111,67,113,72,186,53.235,67.209,32.802,55.462,70.029,71.028
real,real_00308.jpg,44,36,186,219,0.999988,104,188,102,240,169,169,117,115,56,196,74.148,67.72,48.662,52.038,63.655,74.967
real,real_00309.jpg,48,64,142,176,0.998934,111,167,124,208,158,144,95,121,78,190,48.703,52.326,40.224,43.012,49.396,67.067
real,real_00310.jpg,38,47,137,190,0.998156,73,154,102,198,124,128,64,126,60,195,29.411,57.245,43.012,52.697,42.107,60.033
real,real_00311.jpg,51,54,142,197,0.989416,101,171,138,204,143,129,79,130,85,207,46.53,59.397,39.395,49.578,53.085,64.008
real,real_00312.jpg,55,78,136,172,0.980906,116,183,142,213,151,149,85,146,91,210,48.27,48.795,36.797,39.699,51.088,66.068
real,real_00313.jpg,54,50,143,174,0.999459,125,151,162,178,153,112,91,129,115,192,40.497,48.01,42.202,45.804,49.041,64.288
real,real_00314.jpg,74,48,173,178,0.998185,188,128,224,152,176,92,128,135,190,186,60.407,37.947,58.034,43.267,48.083,64.444
real,real_00315.jpg,59,76,138,171,0.999127,128,181,152,209,158,146,94,151,107,211,45.343,46.098,36.62,36.878,45.044,64.195
real,real_00316.jpg,43,44,155,187,0.99977,77,152,131,178,119,105,64,127,83,195,28.178,63.032,43.417,59.933,50.922,59.237
real,real_00317.jpg,63,80,139,174,0.994385,140,185,167,204,168,141,102,144,107,207,55.902,52.154,39.661,33.015,60.075,66.068
real,real_00318.jpg,73,47,158,194,0.99705,185,169,195,194,208,120,140,117,136,192,68.768,54.129,54.129,26.926,59.034,68.066
real,real_00320.jpg,30,26,176,202,0.999108,89,133,147,167,131,91,63,125,94,192,27.203,59.397,59.211,67.231,58.6,76.026
real,real_00321.jpg,53,25,163,211,1.0,110,132,140,186,162,113,88,103,80,177,36.401,55.362,54.083,61.774,60.671,74.673
real,real_00322.jpg,58,66,142,188,0.940938,125,192,155,207,157,143,90,147,102,213,57.009,58.523,31.145,33.541,53.339,67.119
real,real_00323.jpg,78,65,137,180,0.99934,160,170,191,187,176,127,117,140,128,201,52.431,45.88,44.553,35.355,64.537,60.415
real,real_00324.jpg,57,52,138,175,0.998876,114,149,148,182,152,114,89,114,91,183,43.012,51.662,41.049,47.381,57.009,63.0
real,real_00325.jpg,68,62,133,178,0.999281,118,171,136,208,165,141,102,126,90,197,47.76,55.758,38.21,41.146,47.297,64.761
real,real_00326.jpg,57,25,146,207,0.999999,69,137,101,193,139,117,80,99,53,177,39.56,72.801,43.081,64.498,50.596,61.685
real,real_00327.jpg,46,26,177,212,0.999763,123,141,170,171,156,95,82,120,108,192,46.065,56.613,53.16,55.758,65.46,78.109
real,real_00328.jpg,34,24,178,229,0.996885,110,170,172,175,140,106,69,129,92,201,57.983,70.682,35.847,62.201,84.119,74.632
real,real_00329.jpg,49,13,185,242,0.998287,164,143,198,183,187,93,105,112,128,201,66.648,55.036,68.264,52.498,72.277,84.172
real,real_00330.jpg,52,25,168,218,0.999919,122,166,172,182,168,115,88,114,85,180,62.129,68.68,39.56,52.498,87.023,80.006
real,real_00331.jpg,59,43,149,200,0.999311,160,166,183,185,175,122,111,135,125,199,57.983,46.487,48.104,29.833,59.666,65.307
real,real_00332.jpg,61,57,136,185,0.992208,136,176,161,196,161,132,101,136,107,198,53.151,50.606,36.401,32.016,54.037,60.133
real,real_00333.jpg,46,34,144,203,0.99981,94,153,150,175,132,106,69,116,84,184,44.654,60.44,32.573,60.166,66.611,63.789
real,real_00334.jpg,49,54,146,196,0.997121,120,174,154,193,156,130,88,132,90,195,52.802,56.851,36.62,38.949,64.031,68.029
real,real_00335.jpg,57,58,145,172,0.997748,163,159,190,170,162,105,104,138,141,198,62.626,54.009,44.777,29.155,56.436,66.731
real,real_00336.jpg,59,87,116,146,0.996765,88,177,128,191,123,134,71,140,84,197,40.719,55.444,20.396,42.379,44.407,52.345
real,real_00337.jpg,58,52,144,201,0.987391,121,166,153,200,158,128,89,128,93,199,49.679,53.038,43.278,46.69,60.008,69.0
real,real_00338.jpg,12,33,206,208,0.971915,73,121,63,185,142,152,108,86,28,132,49.497,75.644,46.325,64.777,63.514,74.243
real,real_00339.jpg,40,41,153,202,0.999223,102,173,117,217,155,146,90,118,63,195,56.294,59.481,44.777,46.487,58.31,70.774
real,real_00340.jpg,48,26,171,225,0.998155,127,168,166,198,169,113,87,112,97,199,68.819,69.203,43.139,49.204,69.007,82.006
real,real_00341.jpg,54,23,164,209,0.997055,91,150,154,165,119,95,83,139,124,197,13.601,61.717,57.428,64.761,43.863,56.851
real,real_00342.jpg,55,83,135,169,0.890376,152,177,165,207,169,139,107,142,113,213,57.009,41.629,53.075,32.696,52.345,62.073
real,real_00343.jpg,53,75,122,169,0.98684,93,186,134,202,131,148,74,143,75,200,47.011,53.74,22.804,44.011,59.034,57.219
real,real_00344.jpg,28,0,198,237,0.978137,135,157,180,171,167,90,77,106,92,189,77.233,74.25,53.6,47.127,89.822,91.411
real,real_00345.jpg,65,31,141,202,0.999984,146,158,161,189,180,120,113,108,100,180,59.908,50.99,50.99,34.438,61.66,68.066
real,real_00346.jpg,53,15,158,216,0.998359,137,133,160,186,179,119,109,95,85,161,47.202,44.272,59.059,57.775,79.057,74.0
real,real_00347.jpg,74,44,132,201,0.955888,161,179,150,213,185,152,131,129,111,200,58.31,36.125,54.231,35.735,41.11,58.694
real,real_00348.jpg,44,25,164,216,0.999655,134,149,168,179,166,101,93,108,97,185,57.983,57.689,51.624,45.343,71.253,73.335
real,real_00349.jpg,46,56,140,186,0.977004,112,175,144,203,152,141,85,134,78,196,49.092,52.498,39.962,42.521,66.37,67.365
real,real_00350.jpg,51,49,171,181,0.999271,154,166,196,170,158,110,101,154,148,207,54.342,56.143,41.437,42.19,60.605,72.007
real,real_00351.jpg,57,77,133,178,0.924858,127,196,154,210,160,155,95,153,92,209,53.6,52.631,37.336,30.414,62.008,65.031
real,real_00352.jpg,65,50,135,194,0.985954,123,174,152,198,162,134,99,126,93,191,53.666,55.866,34.482,37.643,59.414,63.506
real,real_00353.jpg,67,80,127,156,0.99982,135,174,168,186,161,134,104,137,102,191,48.27,47.707,37.121,35.114,66.189,57.079
real,real_00354.jpg,75,58,137,191,0.998223,185,167,197,198,186,132,135,140,155,208,56.824,35.014,50.804,33.242,43.174,51.624
real,real_00355.jpg,56,71,138,181,0.998539,132,175,156,208,161,143,94,144,103,209,49.041,43.186,44.688,40.804,53.009,67.007
real,real_00356.jpg,22,40,189,208,0.995776,112,166,154,200,161,125,72,119,71,192,61.717,63.891,48.549,54.037,83.385,89.202
real,real_00357.jpg,64,70,122,172,0.996757,126,186,140,207,159,145,100,135,96,199,57.245,52.631,32.696,25.239,44.721,59.841
real,real_00358.jpg,49,60,162,195,0.999601,156,179,182,202,178,137,108,142,114,208,60.605,47.413,51.039,34.713,68.264,70.178
real,real_00359.jpg,58,61,147,183,0.992803,118,168,152,201,156,125,89,133,102,206,45.453,57.385,41.231,47.381,50.249,67.476
real,real_00360.jpg,49,48,144,192,0.991013,123,156,147,193,154,122,89,125,99,195,46.011,46.011,45.793,44.102,48.042,65.069
real,real_00361.jpg,50,34,146,209,0.995569,111,132,146,184,148,103,82,110,93,187,36.401,47.011,57.871,62.682,53.085,66.37
real,real_00362.jpg,83,77,112,163,0.99359,167,174,177,196,180,139,126,141,127,200,52.631,37.336,47.707,24.166,50.16,54.037
real,real_00363.jpg,71,64,139,191,0.999887,156,183,171,211,180,149,116,144,116,208,55.866,41.617,47.17,31.765,55.082,64.195
real,real_00364.jpg,40,47,140,193,0.999994,56,163,87,206,112,132,56,118,48,195,45.0,64.008,32.985,53.009,40.522,57.723
real,real_00365.jpg,39,52,165,200,0.99866,119,177,159,204,149,126,78,142,106,216,53.907,59.169,41.11,48.26,54.342,72.78
real,real_00366.jpg,21,35,197,220,0.999931,98,191,156,210,143,124,62,131,83,215,69.971,80.709,28.302,61.033,73.171,81.302
real,real_00367.jpg,51,50,147,197,0.999597,112,168,143,201,154,128,86,128,90,200,47.707,58.0,38.833,45.277,53.009,68.0
real,real_00368.jpg,59,59,148,188,0.999992,127,159,153,205,166,138,99,129,96,196,41.037,44.294,48.27,52.839,57.706,67.602
real,real_00369.jpg,45,31,163,214,0.993703,154,164,133,216,186,158,130,114,83,177,55.462,32.558,72.18,56.08,63.411,71.218
real,real_00370.jpg,54,59,139,182,0.999069,96,166,139,191,131,120,76,137,94,202,35.228,57.801,36.056,49.739,46.325,57.567
real,real_00371.jpg,39,11,173,219,0.999459,153,132,178,165,181,83,102,83,101,167,70.725,56.436,62.682,41.4,77.026,79.0
real,real_00372.jpg,62,58,138,181,0.999779,166,166,170,199,182,127,123,121,116,192,62.241,42.154,56.356,33.242,54.452,59.304
real,real_00373.jpg,67,71,139,179,0.997393,147,178,173,203,173,137,109,139,116,206,54.452,48.549,41.773,36.069,57.079,64.031
real,real_00374.jpg,47,22,161,210,0.99835,95,147,146,180,135,97,76,116,103,194,36.359,64.031,47.676,60.745,45.222,61.984
real,real_00375.jpg,11,5,194,250,0.995173,56,161,133,189,112,96,36,111,58,203,53.852,85.796,42.048,81.933,76.295,77.466
real,real_00376.jpg,49,67,134,179,0.999344,116,164,144,199,149,131,86,131,90,199,44.598,46.669,43.6,44.822,54.0,63.0
real,real_00377.jpg,60,67,134,179,0.999577,131,177,156,201,160,134,98,137,104,204,51.856,51.865,38.184,34.655,52.086,62.073
real,real_00378.jpg,56,66,130,181,0.995599,120,181,155,196,153,143,89,142,86,196,49.82,50.329,37.162,38.079,69.0,64.008
real,real_00379.jpg,48,57,147,193,0.999719,114,171,153,202,144,129,81,140,96,210,45.277,51.614,42.953,49.82,57.559,63.953
real,real_00380.jpg,57,44,139,197,0.997451,145,166,158,197,170,124,109,115,103,192,62.426,48.877,49.396,33.615,55.227,61.66
real,real_00381.jpg,38,42,149,196,0.998767,112,141,119,195,154,135,88,110,68,176,39.205,42.426,56.223,54.452,54.424,70.576
real,real_00382.jpg,59,49,138,190,0.99723,133,149,163,181,160,120,99,122,100,182,43.417,39.623,46.669,43.863,63.008,61.033
real,real_00383.jpg,36,13,180,242,0.994393,112,149,172,173,145,94,73,116,95,194,51.088,64.14,48.104,64.622,79.812,75.286
real,real_00384.jpg,33,37,161,210,0.999999,64,158,110,200,119,117,54,116,56,199,43.174,68.6,41.773,62.29,54.009,65.008
real,real_00385.jpg,59,63,128,175,0.999868,85,163,116,201,136,138,81,126,72,192,37.216,56.798,31.78,49.041,44.911,56.294
real,real_00386.jpg,48,20,170,201,0.996892,137,130,178,167,174,96,95,98,94,169,52.802,50.249,58.052,55.227,84.024,79.025
real,real_00387.jpg,51,59,153,180,0.999951,129,161,160,198,165,119,97,121,102,200,51.225,55.317,47.434,48.27,58.034,68.029
real,real_00388.jpg,52,64,133,189,0.999986,91,185,132,205,125,139,71,151,86,218,39.446,57.201,33.377,45.618,47.802,55.317
real,real_00389.jpg,57,36,168,213,0.999532,155,144,190,191,190,109,107,109,111,192,59.405,49.497,65.115,58.6,79.006,83.0
real,real_00390.jpg,38,20,161,214,0.9858,135,153,159,182,170,105,90,96,85,174,72.622,59.405,54.231,37.643,74.431,80.505
real,real_00391.jpg,57,50,136,177,0.999156,127,151,152,184,154,119,94,121,103,185,44.598,41.869,41.617,41.4,49.01,60.033
real,real_00392.jpg,62,55,133,180,0.99977,140,163,156,195,168,129,108,125,107,190,49.679,44.045,42.638,35.777,49.254,60.133
real,real_00393.jpg,71,59,134,192,0.998443,149,181,174,199,176,137,112,139,110,203,55.973,51.624,44.777,30.806,64.125,64.031
real,real_00394.jpg,58,51,152,190,0.999932,142,157,181,175,165,115,99,131,109,192,50.249,47.885,48.104,42.953,73.98,67.912
real,real_00395.jpg,54,46,159,191,0.999835,137,143,172,185,169,114,96,123,112,194,45.618,43.186,56.798,54.672,60.671,73.553
real,real_00396.jpg,52,64,137,183,0.961897,122,160,149,202,155,130,90,129,95,201,44.553,44.598,49.092,49.93,54.009,65.008
real,real_00397.jpg,67,63,129,182,0.993226,134,171,152,206,163,142,107,133,104,199,46.615,41.012,41.037,39.357,48.508,56.719
real,real_00398.jpg,52,32,144,208,0.993982,115,154,153,185,146,111,77,124,96,196,48.415,53.009,46.098,49.041,58.052,70.214
real,real_00399.jpg,43,22,164,227,0.97716,111,145,143,190,157,102,83,100,83,187,53.0,62.968,50.478,55.218,60.075,74.027
real,real_00400.jpg,42,14,166,231,0.978481,127,141,152,184,163,100,89,98,97,184,57.385,54.562,52.431,49.739,55.0,74.027
real,real_00401.jpg,51,30,151,222,0.937129,127,152,149,195,161,112,92,110,98,193,54.672,52.498,50.22,48.301,51.039,69.029
real,real_00402.jpg,27,0,187,246,0.999997,64,132,109,192,138,94,62,96,48,191,36.056,83.187,61.131,75.0,61.008,76.026
real,real_00403.jpg,53,80,131,165,0.999641,122,196,146,209,154,158,90,155,91,206,52.01,49.679,32.573,27.295,55.082,64.07
real,real_00404.jpg,55,58,144,197,0.909422,125,176,141,216,164,144,93,136,93,211,51.225,50.448,47.424,43.081,48.26,71.449
real,real_00405.jpg,39,34,157,215,0.998361,87,168,124,204,140,125,70,115,62,195,55.66,68.25,36.797,51.624,62.65,70.711
real,real_00406.jpg,55,50,136,181,0.999978,95,160,138,186,136,117,77,120,85,189,43.863,59.414,30.676,50.249,53.085,59.076
real,real_00407.jpg,51,31,167,224,0.996524,107,157,160,194,153,109,84,119,95,204,44.418,66.483,48.508,64.637,65.765,69.721
real,real_00408.jpg,57,50,148,179,0.99444,124,145,150,181,161,105,94,103,99,179,51.614,54.489,42.202,44.407,51.039,67.03
real,real_00409.jpg,39,42,136,180,0.999047,71,139,110,180,115,107,63,110,62,180,30.083,54.406,41.976,56.586,48.0,52.086
real,real_00410.jpg,45,38,172,196,0.999994,147,126,176,186,179,108,99,107,112,184,51.624,36.715,67.742,66.641,64.031,80.006
real,real_00411.jpg,57,55,128,186,0.972302,120,173,147,193,154,135,95,126,83,185,53.235,50.99,38.897,33.601,64.498,59.682
real,real_00412.jpg,52,46,151,200,0.999484,130,151,148,198,169,131,103,111,91,180,48.26,43.829,48.6,50.329,59.775,68.964
real,real_00413.jpg,40,72,142,169,0.999975,86,178,114,208,139,151,76,128,55,185,50.99,59.481,31.78,41.037,63.325,67.067
real,real_00414.jpg,74,94,117,155,0.999606,150,190,165,209,172,156,119,159,122,212,43.841,40.497,35.609,24.207,43.105,53.085
real,real_00415.jpg,55,77,131,162,0.999975,118,165,146,200,150,137,88,140,97,203,39.051,42.521,43.417,44.822,49.092,62.073
real,real_00416.jpg,63,69,126,169,0.999995,106,172,138,199,141,135,86,140,96,202,37.736,50.931,31.623,41.869,42.107,55.227
real,real_00417.jpg,50,34,171,217,0.999818,137,152,180,182,169,105,96,121,112,195,51.4,56.859,49.739,52.431,69.231,74.733
real,real_00418.jpg,67,50,136,183,0.998939,135,157,163,192,166,120,104,122,110,193,46.755,48.27,43.829,44.822,53.009,62.032
real,real_00419.jpg,28,4,172,240,0.999765,91,148,135,192,145,96,65,89,66,186,64.475,74.967,45.486,62.225,69.26,80.306
real,real_00420.jpg,44,57,129,180,0.999962,67,156,98,201,119,131,63,121,47,194,35.228,57.697,42.942,54.644,51.478,56.886
real,real_00421.jpg,56,71,137,171,1.0,128,163,148,203,159,139,96,136,99,200,41.869,39.205,47.011,44.721,49.092,63.071
real,real_00422.jpg,44,24,163,210,0.998413,131,151,153,187,168,103,94,100,94,184,63.008,60.605,49.578,42.19,59.076,74.061
real,real_00423.jpg,31,11,192,241,0.998539,131,158,170,192,175,106,87,100,80,189,72.801,68.118,59.682,51.74,90.05,88.204
real,real_00424.jpg,63,16,162,224,0.999937,91,152,146,187,144,99,82,113,93,195,40.025,74.953,43.046,65.192,53.6,63.561
real,real_00425.jpg,59,60,133,186,0.997359,118,161,129,206,156,148,97,127,82,190,39.962,40.162,46.228,46.325,49.649,62.626
real,real_00426.jpg,52,57,157,190,0.999642,134,175,168,197,171,130,100,130,99,195,56.4,58.258,40.311,40.497,69.029,71.0
real,real_00427.jpg,50,51,155,197,0.96706,125,166,161,199,158,130,87,138,100,207,47.202,48.836,48.021,48.836,61.522,71.449
real,real_00428.jpg,45,36,163,179,0.999001,131,109,168,153,156,92,85,107,101,169,46.043,30.232,67.082,57.489,68.884,72.567
real,real_00429.jpg,53,41,138,191,0.996496,117,140,145,183,149,111,85,117,97,184,39.408,43.186,48.332,51.313,48.01,64.281
real,real_00430.jpg,68,67,130,166,0.999952,136,167,159,198,164,127,101,130,113,197,50.931,48.826,37.802,38.601,46.011,63.071
real,real_00431.jpg,69,44,136,180,0.99304,149,158,163,189,176,121,112,118,118,187,54.489,45.804,42.45,34.015,45.044,64.07
real,real_00432.jpg,53,54,149,193,0.999276,119,166,156,198,152,129,86,138,98,206,43.278,49.578,45.177,48.918,58.549,66.611
real,real_00433.jpg,21,14,192,232,0.999933,83,131,123,196,155,91,67,71,47,176,62.097,82.365,57.628,76.322,78.588,90.244
real,real_00434.jpg,67,73,118,169,0.999834,128,176,156,196,153,142,99,144,103,197,43.186,42.202,32.65,34.409,53.009,54.037
real,real_00435.jpg,40,32,163,208,0.999107,89,157,146,181,136,105,69,115,79,190,46.519,70.093,34.482,61.847,67.602,67.742
real,real_00436.jpg,55,44,138,197,0.989356,130,160,153,194,163,127,96,120,98,189,52.498,46.669,43.186,41.049,55.227,67.365
real,real_00437.jpg,53,42,147,196,0.995375,124,145,152,192,158,117,90,116,97,191,44.688,44.045,53.339,54.708,55.009,68.007
real,real_00438.jpg,42,40,152,208,0.999995,165,166,173,201,178,123,116,124,127,204,64.537,44.922,53.74,35.903,46.098,62.008
real,real_00439.jpg,37,42,151,194,0.999626,82,143,125,188,132,110,64,121,73,195,28.425,59.908,52.773,62.241,52.469,68.884
real,real_00440.jpg,58,43,139,195,0.998912,143,149,155,193,172,127,110,110,97,178,51.088,36.401,54.378,45.607,59.908,64.288
real,real_00441.jpg,50,27,152,196,0.999642,122,133,155,173,160,104,90,106,94,175,41.869,47.802,50.478,51.856,61.033,70.029
real,real_00442.jpg,54,41,152,206,0.999905,135,166,175,182,163,117,92,130,101,194,56.08,56.436,44.045,43.081,74.967,72.18
real,real_00443.jpg,46,53,196,171,0.995784,170,149,203,149,157,103,113,159,166,194,57.871,47.802,45.177,33.0,58.258,71.218
real,real_00444.jpg,37,10,173,227,0.969859,123,148,162,179,156,88,80,94,93,184,69.029,68.476,46.861,49.82,69.181,76.236
real,real_00445.jpg,54,51,144,183,0.999127,81,148,127,189,133,111,72,109,77,187,40.025,63.82,39.205,61.62,50.04,61.033
real,real_00446.jpg,47,40,147,198,1.0,121,159,157,185,157,121,89,118,84,181,52.01,52.345,43.046,44.407,73.11,68.066
real,real_00447.jpg,35,28,180,227,0.999352,128,164,144,212,175,124,92,104,82,198,69.971,61.717,57.201,50.596,63.561,85.376
real,real_00448.jpg,60,57,142,191,0.996494,128,170,152,204,165,131,100,125,96,199,53.0,53.759,43.186,41.617,56.223,65.276
real,real_00449.jpg,44,50,154,205,0.922466,122,177,148,210,157,131,85,132,93,212,58.258,57.801,45.453,42.012,55.036,72.007
real,real_00450.jpg,54,64,140,182,0.999457,130,173,161,195,161,131,99,130,95,193,53.009,52.202,40.311,38.013,66.03,62.008
real,real_00451.jpg,71,78,124,148,0.999999,136,149,165,182,159,119,105,131,123,191,35.847,37.802,43.966,43.932,42.953,55.317
real,real_00452.jpg,30,40,148,198,0.999313,56,145,98,189,110,117,49,117,44,187,28.862,60.828,43.681,60.828,54.037,61.0
real,real_00453.jpg,37,41,160,214,0.999965,127,166,140,214,166,140,96,120,82,198,55.471,46.872,55.218,49.729,60.166,72.801
real,real_00454.jpg,48,35,154,199,0.999681,113,153,156,180,146,106,80,121,103,192,45.967,57.428,40.262,50.774,54.342,67.683
real,real_00455.jpg,53,65,141,177,0.999992,119,178,145,207,158,137,92,129,90,199,55.946,56.586,35.805,38.949,55.579,66.483
real,real_00456.jpg,62,45,140,199,0.980631,143,155,162,199,171,123,104,117,107,195,54.452,42.521,53.814,47.927,55.145,67.268
real,real_00457.jpg,55,49,142,200,0.990518,132,169,163,199,160,123,92,134,107,205,53.151,53.852,43.829,43.139,56.321,68.884
real,real_00458.jpg,52,19,152,221,0.999305,114,147,138,195,165,118,94,102,81,183,49.244,58.669,48.836,53.666,58.249,72.78
real,real_00459.jpg,55,88,124,149,0.999867,128,184,151,204,154,136,96,140,105,207,54.406,54.589,32.527,30.48,46.098,58.138
real,real_00460.jpg,48,24,162,224,0.999861,126,149,157,194,162,113,87,115,97,199,51.74,50.912,57.801,54.644,60.208,75.027
real,real_00461.jpg,44,27,167,202,0.999917,135,130,179,168,163,99,90,114,102,181,47.76,41.773,60.745,58.138,78.09,74.525
real,real_00462.jpg,61,78,126,170,0.973561,117,194,135,215,154,151,94,140,86,208,58.694,56.727,34.015,27.659,49.497,61.0
real,real_00463.jpg,57,0,198,254,0.996478,196,157,198,205,228,118,146,90,128,184,83.6,50.448,73.164,48.042,73.082,86.649
real,real_00464.jpg,74,65,117,176,0.999831,180,163,186,194,182,126,136,131,147,200,54.406,37.054,49.578,31.575,39.459,46.271
real,real_00465.jpg,59,68,124,176,0.999941,84,184,130,206,121,138,73,141,84,207,44.385,59.034,23.0,50.99,46.011,48.094
real,real_00466.jpg,58,62,161,186,0.996125,145,172,188,183,159,117,95,151,132,210,54.231,56.754,40.162,44.385,62.169,72.471
real,real_00467.jpg,57,62,134,182,0.998282,129,168,149,202,157,130,94,128,101,201,53.151,47.202,43.278,39.446,48.01,63.032
real,real_00468.jpg,53,46,157,195,0.99993,140,155,176,187,170,117,102,121,103,191,50.99,48.415,51.624,48.166,73.11,68.118
real,real_00469.jpg,66,82,128,167,0.995624,127,191,161,198,153,146,97,151,101,204,50.0,51.971,29.069,34.713,60.299,56.223
real,real_00470.jpg,30,13,184,242,0.999925,121,157,162,191,164,117,79,116,80,191,58.694,58.728,53.263,53.263,82.0,85.006
real,real_00471.jpg,45,49,163,200,0.999469,112,176,163,189,136,119,77,149,113,214,44.204,61.847,38.013,52.631,55.902,66.189
real,real_00472.jpg,72,52,134,187,0.981328,122,161,153,198,161,124,99,126,106,198,41.881,53.759,40.311,48.27,47.0,62.032
real,real_00473.jpg,40,27,158,199,0.999982,116,124,147,178,155,107,82,103,82,175,39.962,42.544,61.294,62.266,65.069,73.11
real,real_00474.jpg,57,58,143,189,0.990961,116,163,151,202,159,132,90,129,90,198,42.802,53.009,43.6,52.402,61.131,69.065
real,real_00475.jpg,55,78,128,168,0.999744,118,178,145,207,148,136,88,140,98,211,48.415,51.614,38.588,39.623,47.17,60.133
real,real_00476.jpg,71,40,145,200,0.997246,169,161,185,198,189,125,123,128,137,200,56.613,41.183,50.448,40.311,48.042,66.068
real,real_00477.jpg,60,62,124,171,0.995131,125,166,147,197,152,133,93,133,97,196,45.967,42.638,41.037,38.013,50.01,59.0
real,real_00478.jpg,51,53,145,185,0.999651,115,160,158,180,139,116,82,142,110,202,37.59,50.12,42.297,47.424,52.802,62.65
real,real_00479.jpg,29,0,193,247,0.998929,123,144,159,192,171,87,78,90,89,194,70.292,74.518,60.465,60.0,70.029,93.048
real,real_00480.jpg,49,55,153,200,0.990861,122,195,159,205,157,135,84,141,91,211,66.03,69.462,34.886,38.328,68.264,73.246
real,real_00481.jpg,41,45,159,196,0.999813,123,152,152,197,158,117,84,116,96,196,53.075,49.497,51.624,53.535,56.009,74.007
real,real_00482.jpg,21,0,196,237,0.999911,115,141,172,160,153,84,67,103,82,179,61.221,68.505,50.329,60.083,91.984,88.074
real,real_00483.jpg,34,0,186,241,0.999997,129,144,174,176,170,97,85,102,89,182,60.828,62.37,55.172,55.218,85.212,85.147
real,real_00484.jpg,50,0,185,253,0.985645,166,166,162,207,201,123,127,99,106,193,77.524,55.444,65.795,41.195,57.723,77.795
real,real_00485.jpg,51,67,125,172,0.998232,93,171,129,200,129,134,72,138,78,203,39.115,51.624,35.341,46.228,51.088,57.14
real,real_00486.jpg,58,28,169,177,0.999985,159,90,193,156,187,90,107,89,125,157,52.01,28.0,75.133,74.243,68.007,80.006
real,real_00487.jpg,27,5,181,244,0.999346,106,160,158,182,151,104,67,112,77,190,61.847,71.84,41.725,56.462,81.394,84.38
real,real_00488.jpg,88,54,130,181,0.999929,197,169,197,198,209,132,161,127,158,196,55.317,38.897,47.434,29.0,39.051,48.26
real,real_00489.jpg,56,62,120,185,0.967989,97,178,138,201,133,132,76,142,86,209,41.677,58.412,32.894,47.011,52.612,57.871
real,real_00490.jpg,64,61,134,183,0.998167,127,183,148,202,162,140,102,130,93,194,58.6,55.444,35.735,28.32,55.579,60.828
real,real_00491.jpg,62,56,125,182,0.888119,94,166,129,199,134,126,80,126,83,197,42.379,56.569,32.894,48.104,46.043,54.0
real,real_00492.jpg,52,32,168,213,0.996173,143,150,182,192,174,109,100,117,113,200,54.203,51.4,58.31,57.315,69.462,74.431
real,real_00493.jpg,37,40,153,195,0.99493,76,155,121,193,136,130,74,106,50,172,49.041,65.0,31.064,58.898,74.041,66.483
real,real_00494.jpg,54,44,152,206,0.98708,127,170,159,202,162,125,92,126,98,202,56.223,57.009,43.186,45.255,61.0,70.007
real,real_00495.jpg,65,52,133,194,0.999955,161,178,150,210,181,151,130,127,110,193,59.682,33.601,53.16,33.838,43.463,56.365
real,real_00496.jpg,65,68,134,178,0.999515,117,179,152,204,148,133,88,143,106,211,46.228,55.471,33.838,43.012,46.53,60.828
real,real_00497.jpg,62,84,118,163,0.993563,125,192,149,209,150,154,94,156,102,212,47.508,45.486,30.48,29.411,47.096,56.036
real,real_00498.jpg,39,20,188,235,0.997789,147,158,166,206,188,117,97,114,111,204,66.603,57.983,58.412,51.624,55.036,91.049
real,real_00499.jpg,57,72,115,172,0.995362,95,175,134,202,133,140,79,142,87,204,36.674,51.662,30.083,47.434,47.043,54.037
real,real_00500.jpg,40,55,142,183,0.998898,121,154,149,192,149,122,84,124,92,194,47.634,42.521,49.406,47.202,57.035,65.031
real,real_00501.jpg,44,37,146,193,0.999989,80,131,117,181,135,109,69,114,64,183,20.248,59.237,54.406,62.201,53.038,66.189
real,real_00502.jpg,55,54,141,201,0.974491,123,186,151,206,156,136,91,133,97,207,61.911,59.908,33.422,34.409,54.009,65.069
real,real_00503.jpg,58,67,148,166,0.99994,121,158,163,187,148,114,88,135,116,201,40.224,51.624,43.29,51.039,49.041,63.569
real,real_00504.jpg,45,41,147,198,0.999956,102,154,137,194,144,116,77,118,81,194,43.829,56.639,45.177,53.151,56.0,67.03
real,real_00505.jpg,59,31,143,185,0.999999,118,129,151,172,154,101,88,107,99,177,37.202,45.607,51.624,54.203,52.24,66.272
real,real_00506.jpg,81,36,146,193,0.999567,154,125,179,178,184,108,117,110,131,179,39.925,34.482,58.694,58.6,48.01,67.03
real,real_00507.jpg,40,22,182,233,0.98783,118,162,170,197,168,117,81,113,75,191,61.4,67.268,51.865,62.682,95.189,87.092
real,real_00508.jpg,41,33,164,211,0.99992,128,149,161,192,167,120,94,116,90,186,47.381,48.6,53.038,54.203,71.253,73.11
real,real_00509.jpg,61,100,117,149,0.992449,116,196,136,219,146,162,91,159,95,217,44.654,45.343,29.698,30.48,41.049,55.082
real,real_00510.jpg,41,49,165,191,0.991398,108,166,150,199,146,129,80,142,103,207,36.878,53.038,41.304,53.413,47.676,67.268
real,real_00511.jpg,31,0,213,255,0.999109,174,162,168,220,215,122,132,91,107,199,82.492,57.28,76.538,58.31,64.514,88.6
real,real_00512.jpg,51,8,161,230,0.999587,126,132,162,175,171,97,98,82,81,159,57.306,57.009,52.479,56.08,82.565,74.525
real,real_00513.jpg,53,50,162,191,0.97363,153,157,190,176,164,105,99,138,137,204,57.245,53.151,49.649,41.593,59.942,72.897
real,real_00514.jpg,42,68,129,163,0.994422,75,164,110,199,125,137,69,123,58,186,41.437,56.824,27.803,49.497,53.6,57.723
real,real_00515.jpg,50,28,148,194,0.999972,84,130,127,174,132,101,69,113,72,183,22.672,56.08,54.342,61.522,55.731,64.133
real,real_00516.jpg,46,52,147,194,0.999471,104,170,146,199,143,126,77,129,80,201,49.092,58.796,39.205,51.039,66.03,66.068
real,real_00517.jpg,55,71,155,159,0.999682,125,147,175,169,151,113,89,141,121,196,36.497,42.802,49.163,54.626,60.374,68.029
real,real_00518.jpg,42,47,153,199,0.999935,91,149,145,182,136,116,72,126,80,188,29.833,55.803,40.522,63.285,65.276,64.777
real,real_00519.jpg,39,17,184,222,0.999851,120,159,140,198,172,127,98,97,71,168,65.788,61.057,49.82,43.829,75.24,79.85
real,real_00520.jpg,55,39,137,198,0.999928,89,161,128,197,138,129,80,117,71,186,44.911,58.523,30.806,53.075,58.052,59.228
real,real_00521.jpg,54,63,138,176,0.997782,114,165,147,195,150,128,84,131,91,198,45.343,51.624,40.224,44.598,56.08,66.068
real,real_00522.jpg,13,0,228,255,0.994457,147,158,205,166,167,81,72,123,104,207,82.765,79.555,65.192,58.549,109.005,103.87
real,real_00523.jpg,67,63,130,179,1.0,124,170,145,208,162,136,100,127,99,201,49.244,50.99,39.825,43.417,46.53,62.65
real,real_00524.jpg,52,54,141,192,0.998808,118,174,140,207,153,138,89,133,93,203,50.22,50.21,38.288,39.661,47.17,64.195
real,real_00525.jpg,51,48,143,179,0.998633,117,137,145,185,157,107,91,103,89,182,42.802,50.0,53.0,55.57,56.08,66.121
real,real_00526.jpg,65,50,143,188,0.994942,156,169,172,196,182,128,115,127,117,195,58.694,48.549,46.872,31.385,55.009,67.007
real,real_00527.jpg,50,51,147,187,0.999997,120,153,148,194,155,123,86,123,93,193,45.343,46.098,48.26,49.649,55.009,69.0
real,real_00528.jpg,52,35,164,207,0.999447,134,147,170,190,171,116,98,120,105,192,45.0,48.27,53.535,56.08,65.031,73.11
real,real_00529.jpg,55,77,139,172,0.997618,116,188,144,217,159,154,89,144,82,208,51.624,54.818,39.446,40.311,62.65,70.711
real,real_00530.jpg,83,45,142,189,0.999847,196,147,206,184,199,113,141,117,152,188,62.65,34.132,60.141,38.328,54.148,58.138
real,real_00531.jpg,70,67,132,170,0.994423,132,159,155,199,168,143,108,130,98,186,37.643,39.395,43.417,46.141,58.464,61.392
real,real_00532.jpg,51,71,139,178,0.999541,157,183,160,211,176,145,120,141,115,209,55.973,42.485,49.396,28.16,45.044,56.143
real,real_00533.jpg,57,36,162,218,0.990376,156,166,183,196,177,111,106,129,130,208,62.201,58.873,49.396,40.361,54.342,73.246
real,real_00534.jpg,75,92,116,149,0.996916,130,182,158,205,156,146,101,150,109,208,43.186,44.407,33.422,36.235,49.092,55.145
real,real_00535.jpg,64,54,134,182,0.999648,137,170,160,197,165,132,104,134,110,200,48.836,47.202,40.361,35.468,50.09,61.033
real,real_00536.jpg,65,43,138,189,1.0,198,143,202,182,194,109,142,118,162,191,61.327,34.234,60.0,39.205,41.0,52.773
real,real_00537.jpg,50,32,159,209,0.968687,123,142,163,185,165,110,86,109,85,182,49.578,52.802,55.172,58.728,78.058,79.006
real,real_00538.jpg,74,41,130,199,0.999841,189,145,185,193,196,115,145,108,146,189,57.489,30.806,61.522,48.166,39.205,51.478
real,real_00539.jpg,54,34,165,211,0.999404,141,157,178,186,181,111,101,108,97,183,63.253,60.959,51.108,47.011,81.056,80.056
real,real_00540.jpg,58,51,160,204,0.999726,145,174,176,201,174,132,103,142,119,208,52.802,51.039,42.802,41.11,57.428,71.701
real,real_00541.jpg,50,78,127,162,1.0,99,161,135,189,132,129,73,136,80,194,36.069,45.967,38.079,45.607,55.227,59.414
real,real_00542.jpg,61,39,156,205,0.990937,163,158,182,190,191,127,122,113,110,176,60.877,41.773,55.973,37.216,73.348,70.406
real,real_00543.jpg,63,103,138,152,0.999915,110,198,146,223,153,163,89,155,84,215,47.854,55.444,31.064,43.829,62.514,64.498
real,real_00544.jpg,75,54,143,195,0.995665,181,178,197,195,191,123,128,143,145,212,63.514,55.902,49.518,23.345,54.708,66.098
real,real_00545.jpg,46,13,169,223,0.999726,123,160,155,190,169,111,86,105,89,187,66.287,67.209,43.417,43.863,66.068,83.217
real,real_00546.jpg,45,35,150,205,0.995846,117,176,135,199,158,138,95,116,68,176,63.906,55.902,49.0,29.206,70.838,66.731
real,real_00547.jpg,57,68,129,171,0.999935,120,158,145,191,152,130,92,126,92,187,42.521,42.521,40.311,41.4,53.151,60.133
real,real_00548.jpg,56,50,157,198,0.999962,124,161,159,202,167,122,93,120,94,201,51.4,58.052,50.0,53.907,65.008,74.027
real,real_00549.jpg,54,68,137,187,0.978428,123,171,147,214,157,137,93,132,92,209,49.204,48.083,49.041,49.244,55.227,64.195
real,real_00550.jpg,46,21,173,228,0.990052,105,155,159,187,153,103,77,110,86,193,53.0,70.767,42.485,62.769,73.246,76.322
real,real_00551.jpg,45,50,147,191,0.999793,126,156,152,194,157,125,89,126,99,194,47.634,43.841,46.615,46.043,53.0,68.007
real,real_00552.jpg,48,26,160,189,0.999992,144,123,167,175,172,101,97,100,112,174,52.326,35.609,60.208,56.859,55.009,75.007
real,real_00553.jpg,45,30,168,218,0.999871,127,153,162,193,163,109,88,115,103,198,54.452,56.851,51.0,53.151,59.211,75.24
real,real_00554.jpg,58,62,127,183,0.981768,130,174,151,201,157,135,97,135,101,203,51.088,47.434,41.012,34.205,50.04,60.0
real,real_00555.jpg,52,62,147,175,0.994336,128,152,150,196,163,120,97,114,97,191,49.041,47.424,49.82,49.193,53.235,66.272
real,real_00556.jpg,47,74,134,154,0.997187,116,175,153,183,143,127,82,142,93,195,47.381,55.073,30.48,37.855,61.188,62.817
real,real_00557.jpg,88,63,119,174,0.999807,199,163,195,191,200,125,156,131,159,195,53.6,38.013,51.225,28.284,36.222,44.407
real,real_00558.jpg,66,79,125,168,0.995147,126,178,149,207,156,139,96,138,100,205,50.0,49.204,37.483,37.014,49.041,60.008
real,real_00559.jpg,70,77,119,164,0.961912,134,183,158,200,162,138,102,139,107,201,54.406,53.0,32.45,29.411,51.01,60.008
real,real_00560.jpg,64,47,148,189,0.999751,184,151,205,175,178,95,119,127,158,203,69.289,56.321,58.138,31.89,54.708,67.119
real,real_00561.jpg,55,68,116,150,0.997379,95,159,127,181,130,123,78,124,78,181,38.91,50.21,27.803,38.833,49.0,52.01
real,real_00562.jpg,57,39,150,208,0.999441,136,167,166,198,166,122,97,126,105,202,56.586,54.083,46.755,43.139,61.131,69.116
real,real_00563.jpg,41,59,124,171,0.999077,80,164,112,193,116,125,61,126,70,193,42.485,53.075,30.676,43.186,42.0,55.009
real,real_00564.jpg,49,72,144,175,0.99995,115,177,153,198,143,133,81,148,102,210,44.688,52.154,35.468,43.417,52.393,63.789
real,real_00565.jpg,56,46,140,188,0.975639,125,154,154,189,152,114,91,119,103,193,48.795,48.26,44.777,45.453,51.157,61.205
real,real_00566.jpg,77,55,119,172,0.999979,168,151,174,189,182,125,128,116,129,183,53.151,29.53,50.448,38.471,45.398,54.745
real,real_00567.jpg,62,58,139,183,0.99902,137,172,172,197,165,126,101,135,113,203,51.624,53.852,39.205,43.012,59.304,64.63
real,real_00568.jpg,36,0,183,240,0.99957,137,149,157,182,174,97,95,88,89,178,74.061,63.82,56.08,38.588,68.118,79.511
real,real_00569.jpg,64,84,136,165,0.998459,130,187,172,198,146,138,97,167,131,221,38.588,51.546,34.015,43.417,47.011,56.939
real,real_00570.jpg,65,64,130,166,0.998042,89,151,128,188,134,121,79,135,89,197,18.868,54.083,46.0,53.759,40.025,56.754
real,real_00571.jpg,55,44,140,193,0.935635,124,151,147,192,158,121,96,116,94,188,44.822,45.343,47.634,47.011,53.151,62.201
real,real_00572.jpg,71,94,117,153,0.989324,144,183,164,206,166,139,108,144,117,209,53.075,49.193,37.483,30.48,47.096,58.215
real,real_00573.jpg,51,56,138,182,0.999903,121,158,144,197,156,124,92,119,93,191,48.6,48.795,43.278,45.277,51.352,64.195
real,real_00574.jpg,56,74,127,172,0.993804,123,180,141,206,153,141,95,135,92,202,53.0,49.204,38.013,31.623,49.163,58.31
real,real_00575.jpg,57,37,141,197,0.978259,130,146,154,190,161,112,96,112,101,189,48.083,46.011,51.865,50.12,53.009,65.0
real,real_00576.jpg,13,0,191,254,0.999441,75,148,132,195,131,93,50,96,59,199,57.697,78.492,53.451,73.878,73.11,81.056
real,real_00577.jpg,28,15,188,232,0.971267,174,165,166,200,191,108,123,99,110,193,83.409,59.481,69.857,35.903,56.436,68.593
real,real_00578.jpg,54,32,162,201,0.992766,148,146,181,180,176,101,104,109,120,189,57.489,53.0,51.313,47.381,61.66,72.443
real,real_00579.jpg,39,37,168,205,0.999989,115,150,151,191,155,109,83,110,89,190,51.225,57.28,47.707,54.562,62.008,72.007
real,real_00580.jpg,20,0,217,239,0.999979,129,157,172,181,182,63,76,66,90,183,105.309,107.912,46.872,49.244,82.024,106.042
real,real_00581.jpg,49,43,157,194,0.999633,128,152,165,185,165,113,91,116,92,186,51.624,53.759,49.518,49.578,73.007,74.061
real,real_00582.jpg,60,59,140,185,0.998768,151,180,149,210,177,150,125,130,104,194,56.356,39.699,49.041,30.067,47.76,55.714
real,real_00583.jpg,52,60,134,172,0.990413,119,155,145,191,154,118,91,117,94,186,47.202,50.931,39.825,44.407,51.245,63.008
real,real_00584.jpg,54,67,145,176,0.999236,126,160,158,196,158,121,91,129,106,201,46.755,50.448,45.618,48.166,52.24,67.476
real,real_00585.jpg,55,54,144,200,0.986334,140,174,164,204,168,131,100,138,109,208,53.814,51.313,46.011,38.419,55.145,68.359
real,real_00586.jpg,58,57,140,185,0.999975,134,157,167,195,163,122,97,130,109,201,45.804,45.453,50.606,50.329,58.31,66.483
real,real_00587.jpg,51,32,148,206,0.995027,112,156,153,187,149,107,84,118,100,197,47.202,61.4,42.72,51.4,53.935,65.924
real,real_00588.jpg,72,56,131,188,0.998746,157,176,173,199,178,133,118,136,129,204,55.866,47.854,39.598,28.018,44.283,60.075
real,real_00589.jpg,29,15,167,198,0.999645,61,128,119,159,109,80,52,108,71,183,21.932,67.882,55.902,65.765,53.666,63.506
real,real_00590.jpg,77,59,125,177,0.998717,185,172,185,190,193,130,141,135,136,194,57.489,42.755,53.712,18.0,49.163,52.24
real,real_00591.jpg,65,66,134,172,0.998327,161,176,168,201,182,138,124,131,119,196,58.258,43.417,46.519,25.962,49.254,58.421
real,real_00592.jpg,72,54,127,188,0.992765,152,162,155,203,178,137,122,120,110,190,51.614,36.069,50.478,41.11,46.84,58.523
real,real_00593.jpg,56,49,142,173,0.98573,131,148,166,178,158,101,94,113,113,188,50.931,54.203,43.863,46.098,53.935,65.115
real,real_00594.jpg,51,59,147,183,0.999863,139,160,165,199,168,129,99,127,108,199,51.856,42.45,49.82,46.872,57.0,69.029
real,real_00595.jpg,47,52,150,191,0.997493,126,158,155,195,162,126,89,125,95,194,49.578,48.166,47.508,47.011,60.008,73.007
real,real_00596.jpg,54,36,154,199,0.997548,120,129,149,183,162,113,88,113,92,184,35.777,44.944,61.717,61.294,57.009,74.0
real,real_00597.jpg,40,13,170,229,0.999843,130,152,163,189,167,100,83,106,97,190,65.765,63.82,50.329,49.578,66.008,84.214
real,real_00598.jpg,47,32,186,223,0.999984,119,174,157,217,170,121,87,116,95,212,66.242,73.553,44.944,57.385,62.201,83.15
real,real_00599.jpg,44,55,145,187,0.999999,123,155,147,197,156,126,86,123,91,194,48.918,43.932,50.448,48.374,56.08,70.064
real,real_00600.jpg,64,53,137,197,0.980086,130,171,158,203,162,130,96,131,100,203,52.498,52.01,43.863,42.521,58.0,66.008
real,real_00601.jpg,57,73,130,171,0.998929,100,180,129,208,141,143,83,135,81,202,48.104,55.227,29.069,40.311,48.374,58.549
real,real_00602.jpg,31,61,157,185,0.999878,102,177,146,199,130,122,68,145,99,216,46.69,61.717,39.115,49.193,49.98,66.129
real,real_00603.jpg,37,54,133,178,0.999999,68,167,105,198,117,135,60,124,54,189,43.738,58.523,26.077,48.27,51.788,58.052
real,real_00604.jpg,60,66,135,179,0.999474,131,177,158,205,159,135,96,140,110,208,50.931,50.478,37.443,38.897,48.094,63.198
real,real_00605.jpg,54,54,140,181,0.999999,133,155,167,175,157,115,93,124,104,184,50.606,46.648,41.012,39.446,63.64,64.63
real,real_00606.jpg,60,79,125,161,0.973085,124,173,144,203,152,137,94,138,101,204,46.098,45.607,38.601,36.056,43.012,58.009
real,real_00607.jpg,27,0,196,239,0.999236,112,126,127,190,183,104,88,65,57,161,65.552,74.33,65.192,65.734,75.769,102.694
real,real_00608.jpg,11,23,208,232,0.99834,118,176,166,209,173,126,74,116,64,197,74.404,74.33,57.94,58.249,102.703,99.504
real,real_00609.jpg,53,67,137,188,0.999998,78,182,121,214,121,143,69,152,78,222,31.321,58.052,40.0,53.6,43.738,52.773
real,real_00610.jpg,51,47,128,180,0.999903,78,150,122,181,125,122,69,116,61,176,35.171,54.708,31.064,53.824,61.205,56.321
real,real_00611.jpg,20,36,151,189,0.999734,49,143,62,198,113,135,65,101,24,169,44.944,64.498,36.069,56.515,47.802,58.822
real,real_00612.jpg,51,41,161,212,0.999964,122,158,149,207,172,134,98,120,88,197,44.944,55.462,51.74,55.946,61.814,75.313
real,real_00613.jpg,56,45,152,198,0.999967,137,162,150,207,179,140,112,116,94,187,52.355,47.413,49.739,46.84,59.464,71.169
real,real_00614.jpg,67,77,120,149,0.999836,144,176,158,196,170,141,112,141,111,195,47.424,43.6,38.079,24.413,47.011,58.0
real,real_00615.jpg,43,44,158,211,0.999906,121,162,161,203,156,125,82,133,97,209,48.6,50.931,52.773,57.28,64.281,74.431
real,real_00616.jpg,63,64,117,166,0.999994,72,159,114,187,115,128,74,127,75,189,32.062,53.009,30.15,50.478,39.051,41.012
real,real_00617.jpg,59,54,124,192,0.980236,117,176,145,200,152,133,87,130,89,199,54.918,55.444,36.235,36.878,56.009,65.069
real,real_00618.jpg,56,49,126,192,0.998958,81,165,123,199,134,128,74,127,75,200,38.639,64.637,35.511,54.037,48.01,60.008
real,real_00619.jpg,61,68,133,167,0.99567,140,164,156,196,165,131,105,128,106,192,50.21,41.4,44.045,35.777,50.16,60.075
real,real_00620.jpg,54,56,139,195,0.986062,108,181,137,208,150,137,82,133,84,206,54.589,60.828,34.655,39.623,53.038,68.118
real,real_00621.jpg,61,72,137,172,0.99949,139,184,157,206,168,137,102,138,107,206,59.034,55.227,38.833,28.425,50.0,66.008
real,real_00622.jpg,41,35,162,220,0.954971,119,169,143,210,165,132,86,118,84,201,60.745,59.034,47.424,47.508,59.682,80.231
real,real_00623.jpg,25,39,184,212,0.997613,97,167,101,219,154,162,89,113,45,175,54.589,57.219,52.612,52.154,71.218,81.4
real,real_00624.jpg,47,38,144,196,0.960943,124,164,151,191,154,114,87,115,97,192,61.4,58.31,38.897,38.184,54.009,67.007
real,real_00625.jpg,71,53,135,186,0.999994,180,152,193,190,183,117,127,129,152,199,57.775,35.128,54.708,40.162,41.976,57.271
real,real_00626.jpg,53,53,142,182,0.999994,133,162,170,176,155,122,94,135,103,190,47.434,45.651,41.037,39.56,68.447,62.37
real,real_00627.jpg,12,0,196,243,0.998736,56,138,105,189,129,88,44,76,41,182,63.151,88.482,46.487,70.725,64.382,85.843
real,real_00628.jpg,31,45,176,179,0.998432,91,152,92,202,155,155,101,102,47,155,50.99,64.07,44.102,50.01,65.069,75.664
real,real_00629.jpg,50,71,138,184,0.999999,85,187,131,211,124,142,69,151,79,215,39.395,59.548,28.636,51.884,52.154,55.731
real,real_00630.jpg,55,59,154,183,0.99996,100,178,158,185,126,123,80,153,112,213,32.016,60.836,37.0,58.421,53.852,54.918
real,real_00631.jpg,50,39,152,202,0.999969,105,150,131,200,155,131,83,119,73,191,38.013,53.488,52.01,56.356,58.694,72.993
real,real_00632.jpg,39,64,140,183,0.999829,80,169,135,187,119,125,62,139,74,200,34.986,58.796,31.575,57.871,62.37,58.694
real,real_00633.jpg,81,48,146,182,0.994901,167,136,200,176,187,105,123,119,145,186,47.17,36.892,54.626,51.856,55.902,65.513
real,real_00634.jpg,45,58,138,186,0.998704,77,172,125,194,122,133,64,130,64,193,43.966,59.548,24.698,52.802,61.008,58.078
real,real_00635.jpg,47,55,150,183,0.99981,103,165,153,178,129,117,77,141,106,200,35.384,54.589,35.128,51.662,51.894,57.271
real,real_00636.jpg,30,0,185,243,0.99782,104,146,160,173,152,92,60,100,69,184,63.655,72.25,51.662,62.169,91.662,92.347
real,real_00637.jpg,65,53,141,186,0.999893,129,171,162,196,162,130,101,134,110,200,46.4,52.631,34.67,41.4,52.154,61.131
real,real_00638.jpg,67,61,117,175,0.999829,89,168,122,201,129,134,78,132,81,200,37.643,52.498,32.985,46.669,41.012,51.039
real,real_00639.jpg,65,24,172,230,0.997442,105,170,165,197,151,105,86,124,110,212,49.769,79.63,42.297,65.795,57.009,67.72
real,real_00640.jpg,38,34,167,213,0.999977,123,155,166,183,156,112,83,122,93,191,51.856,54.203,46.861,51.313,73.437,73.682
real,real_00641.jpg,46,35,155,199,0.999974,153,153,168,181,181,120,112,110,104,173,59.414,43.278,52.924,31.765,64.498,69.721
real,real_00642.jpg,61,61,126,177,0.995081,111,163,146,194,146,129,86,132,87,195,39.825,48.795,40.0,46.755,59.008,60.075
real,real_00643.jpg,48,32,150,191,0.999901,128,137,155,176,162,104,96,97,90,166,51.225,47.381,47.802,47.434,65.765,66.37
real,real_00644.jpg,59,73,124,167,0.999389,128,181,152,202,156,133,92,136,103,204,57.628,55.57,33.971,31.89,49.041,64.07
real,real_00645.jpg,51,44,151,198,0.999534,127,165,172,177,152,115,88,131,102,193,51.74,55.902,37.537,46.573,71.805,65.97
real,real_00646.jpg,49,29,172,213,0.999915,142,127,186,172,171,84,96,101,117,187,52.839,51.865,65.0,62.936,70.612,76.903
real,real_00647.jpg,67,49,131,178,0.999743,132,150,159,186,160,122,102,125,110,188,39.051,39.598,43.909,45.0,49.041,58.078
real,real_00648.jpg,47,35,173,216,0.99997,131,152,184,175,167,111,90,125,101,190,49.092,54.562,48.415,57.775,84.345,78.262
real,real_00649.jpg,43,0,198,251,0.994742,173,153,203,179,193,72,102,93,128,198,92.957,83.433,63.64,39.699,77.369,93.392
real,real_00650.jpg,42,65,172,189,0.999675,105,190,174,199,129,128,73,171,118,237,37.216,66.483,48.765,69.584,67.676,70.605
real,real_00651.jpg,46,50,154,191,0.999933,103,153,161,176,139,113,74,133,91,196,35.228,53.814,44.643,62.394,72.801,68.007
real,real_00652.jpg,59,88,148,161,0.914731,129,180,171,188,150,133,93,159,116,211,41.677,51.478,33.615,42.755,59.615,62.65
real,real_00653.jpg,41,61,133,182,0.998389,65,164,106,205,111,127,53,131,58,208,35.114,59.034,44.553,57.983,48.094,58.138
real,real_00654.jpg,46,21,159,215,0.999996,127,137,157,184,166,108,92,101,92,178,50.21,48.6,53.907,55.758,65.276,74.33
real,real_00655.jpg,55,46,150,205,0.995729,123,179,153,206,160,136,92,131,93,202,57.14,56.727,37.802,40.361,60.133,68.184
real,real_00656.jpg,76,79,116,157,0.999997,166,174,173,201,178,146,129,140,129,199,50.249,30.463,44.654,27.893,44.045,49.366
real,real_00657.jpg,50,45,145,180,0.992469,117,142,145,183,155,112,86,109,90,181,45.277,48.415,47.434,49.649,55.036,69.065
real,real_00658.jpg,77,100,122,154,0.999965,116,189,149,218,152,156,97,161,106,221,33.838,48.836,33.526,43.932,43.105,55.227
real,real_00659.jpg,79,76,119,169,0.989031,152,183,156,212,176,151,122,141,113,203,51.614,40.0,43.829,29.275,43.932,54.918
real,real_00660.jpg,76,64,135,178,0.976425,165,172,174,202,192,143,132,129,119,188,54.203,39.623,48.703,31.321,56.754,61.612
real,real_00661.jpg,50,31,154,205,1.0,40,142,77,199,109,116,57,109,38,195,37.121,73.736,53.038,67.956,39.205,52.469
real,real_00662.jpg,57,66,140,189,0.999993,95,182,133,211,134,136,78,144,90,215,41.629,60.308,33.377,47.802,43.186,56.569
real,real_00663.jpg,57,12,172,214,0.999939,171,140,194,171,194,90,123,90,126,172,69.311,55.036,55.218,38.601,68.007,71.0
real,real_00664.jpg,47,33,151,206,0.99978,166,160,181,193,179,117,113,123,126,198,64.637,44.922,55.172,36.249,55.227,66.272
real,real_00665.jpg,46,50,149,188,0.999948,83,151,129,188,126,110,68,129,85,200,26.627,59.414,49.041,59.034,45.607,61.033
real,real_00666.jpg,65,65,155,189,0.990874,167,177,199,189,182,129,117,149,126,210,57.306,50.289,52.631,34.176,75.961,68.007
real,real_00667.jpg,59,42,141,199,0.98073,128,152,154,197,166,122,98,118,100,194,45.343,48.415,50.478,51.971,54.083,68.118
real,real_00668.jpg,57,62,141,185,0.99808,116,176,146,204,156,140,93,134,88,198,47.885,53.814,35.609,41.037,58.31,63.285
real,real_00669.jpg,66,58,137,186,0.996862,148,149,168,195,173,127,105,122,111,189,50.774,33.302,54.489,50.16,57.315,68.184
real,real_00670.jpg,38,6,181,240,0.997732,123,136,171,185,167,86,82,99,99,193,55.227,66.603,61.847,68.593,72.443,85.988
real,real_00671.jpg,52,54,146,175,0.995899,124,165,152,197,162,129,92,127,96,195,49.679,52.345,41.037,42.521,56.036,70.029
real,real_00673.jpg,58,53,134,182,0.929592,118,162,145,198,150,125,90,122,93,195,48.826,48.918,41.4,45.0,52.086,60.075
real,real_00674.jpg,44,63,141,165,0.999305,115,159,143,196,148,126,93,128,101,198,38.013,46.669,41.437,46.4,42.048,55.036
real,real_00675.jpg,52,28,159,220,0.999276,118,147,162,184,159,112,87,111,88,185,47.508,53.907,48.415,57.489,74.007,72.007
real,real_00676.jpg,64,53,129,190,0.999963,143,168,164,191,170,131,108,124,97,184,56.223,45.804,48.703,31.145,67.365,62.394
real,real_00677.jpg,57,49,143,200,0.999693,130,160,166,191,162,129,98,130,94,190,43.863,44.553,46.861,47.508,72.007,64.008
real,real_00678.jpg,47,48,141,206,0.999875,67,170,109,204,111,125,60,127,71,206,43.566,62.936,36.222,54.037,38.053,51.039
real,real_00679.jpg,43,30,150,182,0.998134,122,126,157,166,155,97,83,103,94,172,45.277,43.932,53.852,53.151,63.285,72.25
real,real_00680.jpg,49,38,161,213,0.999611,134,167,164,199,167,122,96,123,101,199,58.138,55.803,45.967,43.863,63.0,71.007
real,real_00681.jpg,49,50,145,194,0.999643,101,160,155,180,138,116,76,123,86,186,44.654,57.489,30.017,57.585,69.26,62.394
real,real_00682.jpg,55,76,139,172,0.999978,141,188,160,205,168,144,107,143,105,203,56.4,51.624,39.0,25.495,55.036,61.008
real,real_00683.jpg,49,30,168,190,0.9929,132,125,181,151,153,87,90,122,128,181,42.107,43.417,56.143,55.471,60.902,72.069
real,real_00684.jpg,37,37,147,172,0.808499,124,125,151,165,159,87,88,87,90,166,52.345,51.662,53.263,48.26,61.008,71.0
real,real_00685.jpg,58,17,161,224,0.993637,160,143,176,178,194,98,119,85,103,164,71.028,56.4,60.745,38.484,74.33,76.118
real,real_00686.jpg,20,8,208,247,0.99977,119,150,183,175,156,84,69,110,97,198,64.031,75.664,52.802,68.71,89.022,90.802
real,real_00687.jpg,48,43,172,212,0.998988,127,155,168,199,164,111,88,119,100,204,53.075,57.489,55.946,60.141,68.184,76.42
real,real_00688.jpg,30,4,191,235,0.994402,131,140,175,182,171,77,81,94,104,194,67.941,74.626,60.374,60.828,72.007,91.591
real,real_00689.jpg,62,70,132,180,0.998204,131,169,156,208,160,140,97,138,103,205,46.011,41.012,45.607,46.325,53.085,63.032
real,real_00690.jpg,72,53,146,192,0.997166,160,164,189,191,184,125,116,129,117,193,56.223,45.793,51.865,39.623,72.028,68.118
real,real_00691.jpg,66,21,158,225,0.999797,192,141,202,194,199,112,139,110,157,195,61.4,29.833,64.351,53.935,45.011,60.033
real,real_00693.jpg,68,60,130,165,0.999961,134,163,156,191,162,134,103,132,108,190,43.841,40.311,37.483,35.609,48.01,59.034
real,real_00694.jpg,66,65,119,167,0.998487,124,168,145,196,156,135,97,129,96,192,47.434,45.967,36.878,35.0,49.163,59.304
real,real_00695.jpg,44,41,137,196,0.999993,70,164,115,197,113,128,59,124,63,197,41.485,56.08,33.734,55.803,52.0,54.148
real,real_00697.jpg,54,71,155,170,0.999939,110,183,162,195,132,131,90,162,130,219,29.0,56.462,41.183,53.367,40.0,52.202
real,real_00698.jpg,50,49,137,182,0.959239,131,158,160,186,152,113,89,120,109,196,56.639,49.659,43.909,40.311,51.971,63.388
real,real_00699.jpg,234,146,21,25,0.981621,253,158,255,164,254,153,245,154,247,165,8.944,5.099,9.22,6.325,8.062,9.055
real,real_00700.jpg,23,40,186,215,0.999737,86,183,157,184,117,114,57,154,97,220,41.012,75.644,38.601,71.007,69.971,72.111
real,real_00701.jpg,61,57,138,191,0.988989,116,167,139,210,159,140,96,133,89,203,39.446,50.774,45.0,48.765,50.488,63.388
real,real_00702.jpg,42,46,158,198,0.995346,104,162,160,174,138,111,72,130,88,192,45.255,61.294,34.0,57.271,74.216,68.68
real,real_00703.jpg,35,15,172,219,0.999881,136,144,171,179,168,92,88,101,105,188,64.444,61.057,53.824,49.497,66.611,80.505
real,real_00705.jpg,20,0,197,232,0.999991,97,110,138,170,156,78,66,69,61,161,51.4,67.119,62.426,72.67,77.524,90.449
real,real_00706.jpg,44,67,158,188,0.997823,143,173,169,203,168,131,96,138,102,209,58.6,48.877,54.562,39.699,67.268,72.339
real,real_00707.jpg,78,44,139,192,0.993652,168,165,193,182,184,116,118,129,133,196,61.612,51.546,46.755,30.232,61.612,67.268
real,real_00708.jpg,63,56,140,186,0.994831,137,166,165,199,166,133,104,137,113,202,43.932,43.932,43.267,43.278,52.086,62.129
real,real_00709.jpg,85,42,117,191,0.990793,190,152,186,187,193,116,146,114,150,187,58.138,36.125,53.151,35.228,36.0,47.043
real,real_00710.jpg,52,76,131,172,0.999705,92,190,127,218,132,148,75,147,80,217,46.239,58.0,29.547,44.822,47.011,57.009
real,real_00711.jpg,42,20,171,218,0.999593,113,152,160,180,157,95,78,103,89,187,60.216,72.007,42.438,54.708,71.344,79.404
real,real_00712.jpg,75,65,119,166,0.995263,134,170,153,197,163,136,108,133,108,194,45.222,44.688,35.384,33.015,45.1,55.082
real,real_00713.jpg,63,47,139,196,0.999872,152,140,179,183,177,117,111,114,106,179,48.549,33.971,60.308,50.774,73.11,66.068
real,real_00714.jpg,48,64,134,167,0.999987,120,163,154,188,143,121,84,138,107,200,43.829,47.885,39.217,42.202,48.508,61.4
real,real_00715.jpg,46,29,145,213,0.999913,173,138,175,181,180,113,124,108,120,179,57.454,25.962,67.007,43.046,55.036,56.223
real,real_00716.jpg,73,22,145,225,0.999022,200,151,183,192,206,112,152,104,143,187,67.179,39.459,67.417,44.385,40.311,54.589
real,real_00717.jpg,78,50,129,186,0.999998,187,160,192,183,194,123,140,122,133,184,60.44,37.656,59.093,23.537,59.008,54.009
real,real_00718.jpg,95,38,122,199,0.999584,209,139,204,182,209,111,167,109,169,182,51.614,28.0,58.728,43.29,35.0,42.048
real,real_00719.jpg,61,73,122,175,0.996337,123,183,154,200,154,147,95,143,89,194,48.826,47.508,35.735,35.355,65.276,59.135
real,real_00720.jpg,49,66,132,171,0.980928,98,172,136,199,134,129,76,135,85,202,43.046,56.08,32.696,46.615,51.088,58.31
real,real_00721.jpg,19,24,173,197,0.999976,87,138,137,169,133,85,53,96,71,178,54.037,70.178,43.081,58.83,66.611,80.753
real,real_00722.jpg,28,28,184,214,0.994024,130,155,176,181,162,88,81,102,101,194,72.18,74.25,48.6,52.839,76.118,82.201
real,real_00723.jpg,47,66,162,188,0.991478,106,188,160,197,132,136,83,171,117,228,28.601,58.138,41.485,54.745,53.009,60.216
real,real_00724.jpg,71,41,137,186,0.999997,141,132,173,175,172,103,106,108,116,181,42.438,42.45,55.009,53.6,57.315,66.189
real,real_00725.jpg,40,35,165,207,0.999956,101,171,151,187,144,117,72,119,80,192,59.54,69.029,29.698,52.498,71.176,72.028
real,real_00726.jpg,56,55,142,191,0.999701,97,161,141,194,142,127,81,122,79,189,42.154,56.4,33.287,55.0,62.201,61.205
real,real_00727.jpg,45,61,154,191,0.999911,110,167,154,200,153,132,81,133,83,198,44.688,55.444,41.11,55.0,71.028,72.007
real,real_00728.jpg,11,0,230,255,0.999497,123,139,174,182,181,69,72,67,75,183,88.233,90.907,65.115,66.708,99.005,109.018
real,real_00729.jpg,42,56,160,199,0.998994,126,173,163,212,163,130,83,135,90,215,57.385,56.727,55.317,53.759,73.062,80.156
real,real_00730.jpg,77,69,122,175,0.996589,172,179,171,204,186,143,136,136,126,199,56.08,38.626,50.16,25.02,45.277,50.488
real,real_00731.jpg,57,65,141,178,0.99687,121,171,161,194,154,138,90,142,96,200,42.45,46.669,38.288,46.141,65.276,64.125
real,real_00732.jpg,46,44,149,204,0.99362,128,173,156,190,159,128,89,133,92,195,55.866,54.644,42.19,32.757,64.195,70.178
real,real_00733.jpg,54,37,151,202,0.998773,146,148,166,189,176,111,109,109,107,188,53.759,47.634,55.866,45.618,59.008,67.03
real,real_00734.jpg,51,49,142,184,0.999616,116,159,150,194,149,121,86,128,99,199,43.139,50.329,43.463,48.795,51.245,63.388
real,real_00735.jpg,58,65,126,170,0.989728,107,163,143,189,140,127,84,125,86,190,44.418,48.836,34.205,44.407,57.009,56.036
real,real_00736.jpg,86,65,114,173,0.999524,168,165,175,196,185,141,133,133,129,189,47.424,29.411,45.793,31.78,46.53,52.612
real,real_00737.jpg,63,58,142,195,0.998802,132,181,163,204,164,137,96,140,101,204,54.562,54.406,38.601,38.601,62.0,68.066
real,real_00738.jpg,66,78,129,168,0.999978,154,176,170,201,173,144,115,142,115,198,51.74,37.216,44.777,29.682,55.082,58.034
real,real_00739.jpg,65,57,129,191,0.999997,145,176,164,202,169,134,108,133,109,201,56.727,48.374,43.829,32.202,55.009,61.008
real,real_00740.jpg,43,31,152,216,0.999929,63,162,111,203,122,121,60,120,56,201,42.107,71.847,39.623,63.127,55.036,62.008
real,real_00741.jpg,55,78,136,172,0.959766,115,177,140,211,152,149,88,148,96,211,39.623,46.4,38.949,42.202,44.0,64.008
real,real_00742.jpg,48,61,155,171,0.998594,116,168,166,181,141,119,83,145,114,205,40.224,55.009,37.054,51.662,57.271,63.561
real,real_00743.jpg,53,2,170,249,0.99991,127,166,155,207,178,120,99,103,90,196,68.942,68.68,47.634,49.649,65.924,80.808
real,real_00744.jpg,56,60,140,194,0.999,118,174,153,201,152,137,91,139,94,201,44.204,50.249,36.125,44.204,59.0,61.033
real,real_00745.jpg,64,60,140,185,0.93472,138,165,166,197,169,135,101,133,101,193,48.918,43.139,46.4,42.521,65.123,68.029
real,real_00746.jpg,68,61,125,171,0.987152,116,172,141,196,157,144,101,125,84,177,49.336,49.649,32.388,34.655,60.083,59.135
real,real_00747.jpg,54,90,135,163,0.999966,113,173,147,204,151,144,89,140,84,199,40.804,47.802,38.949,46.011,63.198,62.129
real,real_00748.jpg,52,72,133,172,0.999691,93,175,131,204,135,139,75,137,78,203,42.048,55.317,31.765,47.802,53.009,60.033
real,real_00749.jpg,44,45,147,204,0.979644,108,164,141,203,143,120,79,121,86,202,51.865,56.223,43.909,51.088,55.009,64.008
real,real_00750.jpg,48,48,158,196,0.992372,110,191,138,213,164,145,87,127,77,200,68.007,70.937,34.205,35.609,62.37,79.076
real,real_00751.jpg,44,35,171,220,0.990819,125,186,157,207,173,135,87,125,82,201,71.868,70.036,45.541,38.275,75.24,86.579
real,real_00752.jpg,62,63,144,184,0.998877,151,186,154,205,177,147,121,134,103,192,60.033,46.872,48.374,19.235,52.631,57.489
real,real_00753.jpg,43,61,143,186,0.999859,123,184,151,205,152,134,89,134,91,205,60.465,57.801,38.275,35.0,60.0,63.0
real,real_00754.jpg,67,66,130,185,0.999935,166,175,165,206,181,141,128,130,117,199,58.898,37.162,54.562,31.016,48.508,54.129
real,real_00755.jpg,46,49,150,206,0.998864,119,180,149,208,155,131,87,127,89,207,61.911,60.803,40.361,41.037,60.008,68.118
real,real_00756.jpg,59,54,141,180,0.994947,136,153,167,189,165,117,100,120,109,192,48.836,46.228,47.434,47.508,58.078,65.069
real,real_00757.jpg,59,56,135,184,0.999219,121,167,157,187,154,128,89,132,94,193,47.424,51.088,37.483,41.183,63.285,65.123
real,real_00758.jpg,53,59,138,191,0.999993,82,171,124,205,127,133,73,137,76,207,35.171,58.898,36.497,54.037,48.042,54.148
real,real_00759.jpg,82,65,118,180,0.999612,177,178,183,200,186,136,136,140,137,203,55.902,42.953,47.17,22.804,46.098,50.16
real,real_00760.jpg,52,70,141,182,0.999433,121,173,150,206,154,129,88,130,95,205,54.203,55.0,41.231,43.932,55.009,66.008
real,real_00761.jpg,28,8,188,241,0.965383,146,144,181,180,175,86,93,95,104,189,72.18,64.846,61.555,50.21,77.524,82.492
real,real_00762.jpg,37,44,167,206,0.992224,76,151,128,190,126,103,61,126,71,205,29.155,69.311,54.231,65.0,58.941,68.949
real,real_00763.jpg,57,26,160,225,0.999998,185,152,190,198,198,123,129,114,143,193,67.676,31.78,58.694,46.271,47.265,69.584
real,real_00764.jpg,45,35,167,220,0.999348,130,170,163,204,168,117,85,120,96,205,67.268,65.215,48.795,47.381,67.007,83.054
real,real_00765.jpg,42,43,168,206,0.993894,116,156,161,193,156,111,81,120,94,201,50.21,60.208,50.09,58.258,67.476,75.538
real,real_00766.jpg,50,58,135,184,0.994832,105,161,134,198,145,131,81,130,80,197,39.205,50.0,43.829,47.011,54.009,64.008
real,real_00767.jpg,57,55,130,187,0.998805,142,170,165,183,157,121,95,136,109,197,58.009,51.245,42.638,26.42,57.723,63.789
real,real_00768.jpg,69,49,130,190,0.99991,155,173,168,191,171,131,112,135,118,197,57.385,44.944,44.102,22.204,50.359,59.135
real,real_00769.jpg,49,16,154,202,0.99916,73,134,121,177,134,93,72,96,67,177,38.013,73.498,43.417,64.444,54.0,62.073
real,real_00770.jpg,45,59,137,179,0.998696,100,169,136,193,132,128,73,137,87,201,41.869,52.01,34.54,43.267,49.649,59.682
real,real_00771.jpg,54,57,138,186,0.988554,125,171,158,191,154,124,85,134,94,199,54.489,55.227,41.773,38.588,64.498,69.721
real,real_00772.jpg,54,72,134,173,0.999328,133,186,135,217,165,159,111,141,93,205,50.09,41.869,44.283,31.064,43.681,56.921
real,real_00773.jpg,55,43,138,194,0.99776,95,169,134,200,143,131,80,118,77,188,53.16,61.221,26.173,49.82,58.249,64.327
real,real_00774.jpg,53,69,135,179,0.997738,125,181,149,207,155,140,92,140,98,208,52.631,50.804,38.184,35.384,51.01,63.0
real,real_00775.jpg,71,60,170,187,0.999966,188,161,225,180,187,109,124,151,178,214,64.777,52.01,53.935,41.593,58.009,75.717
real,real_00776.jpg,56,70,158,185,0.997916,129,180,167,206,165,137,95,145,105,212,48.795,56.08,40.0,46.043,62.29,70.456
real,real_00777.jpg,60,45,142,200,0.996545,140,159,158,203,172,129,107,120,103,195,51.088,43.863,51.624,47.539,55.579,65.62
real,real_00778.jpg,78,38,139,204,0.994767,166,160,182,196,190,124,125,118,130,193,58.694,43.267,48.836,39.395,52.086,65.276
real,real_00779.jpg,52,73,138,171,0.998764,102,180,142,199,137,134,78,146,94,209,41.617,57.801,30.083,44.283,49.031,60.208
real,real_00780.jpg,77,57,127,182,0.98994,143,177,163,201,170,133,107,135,116,202,55.317,51.624,36.797,31.241,47.011,63.032
real,real_00781.jpg,55,51,141,195,0.993486,112,168,131,205,156,139,95,120,78,188,50.922,52.697,39.446,41.593,55.66,63.891
real,real_00782.jpg,54,61,132,178,0.999928,128,172,151,197,152,132,89,137,104,202,52.402,46.648,38.419,33.971,47.265,63.198
real,real_00783.jpg,32,0,200,255,0.981678,129,153,175,186,184,89,80,87,88,187,82.201,84.386,53.263,56.613,87.006,104.019
real,real_00784.jpg,61,61,154,187,0.999616,150,176,188,179,158,123,104,154,132,207,50.99,53.6,35.847,38.118,62.61,62.266
real,real_00785.jpg,67,48,129,188,0.999773,164,158,173,191,177,125,118,123,125,192,57.801,35.468,51.74,34.205,48.01,59.034
real,real_00786.jpg,63,59,129,178,0.999813,124,164,157,186,159,132,95,127,90,181,47.011,47.424,38.013,39.661,67.186,64.195
real,real_00787.jpg,40,11,176,236,0.99867,82,149,144,188,141,99,58,105,65,192,50.12,77.337,46.239,73.246,79.101,83.217
real,real_00788.jpg,29,49,167,185,0.999308,124,150,170,168,138,99,71,139,113,203,54.129,52.887,54.129,49.396,66.888,78.032
real,real_00789.jpg,54,29,146,186,0.999486,112,145,142,178,154,101,84,99,89,173,53.852,60.828,36.235,44.598,53.235,70.029
real,real_00790.jpg,57,62,138,188,0.993589,118,178,153,207,154,138,90,138,95,205,48.826,53.814,35.468,45.453,58.034,64.0
real,real_00791.jpg,52,36,145,176,0.999719,126,127,158,171,161,111,91,110,95,171,38.91,38.484,53.824,54.406,63.0,70.007
real,real_00792.jpg,41,31,160,216,0.999986,134,150,163,195,169,119,91,117,99,193,54.203,46.755,55.444,53.535,64.031,78.026
real,real_00793.jpg,51,44,153,186,0.999681,122,159,118,204,168,152,112,110,76,173,50.01,46.53,48.083,45.177,52.202,70.0
real,real_00794.jpg,48,42,147,201,0.997325,133,164,166,180,153,114,87,132,102,197,56.036,53.852,45.277,36.674,66.219,68.411
real,real_00795.jpg,73,67,131,177,0.990491,162,170,177,195,181,135,122,134,119,194,53.814,39.825,49.244,29.155,58.009,59.008
real,real_00796.jpg,68,45,149,196,0.998702,152,158,178,191,185,125,115,119,110,186,53.759,46.669,50.478,42.012,68.184,70.257
real,real_00797.jpg,50,36,153,193,0.999814,125,153,160,181,164,117,91,115,90,180,50.99,53.075,44.204,44.822,70.007,73.027
real,real_00799.jpg,38,28,178,215,0.986834,125,162,164,193,167,126,86,119,81,185,58.052,55.317,49.649,49.82,83.385,81.302
real,real_00800.jpg,38,48,155,191,0.998914,86,173,142,183,119,122,63,145,87,204,36.235,60.745,31.016,56.886,58.873,60.539
real,real_00801.jpg,67,49,160,177,0.974208,150,142,185,191,182,120,104,122,116,193,50.16,38.833,61.294,60.216,69.029,78.026
real,real_00802.jpg,70,49,141,187,0.981802,129,163,151,200,173,133,110,120,95,189,47.011,53.254,42.802,43.046,57.07,64.327
real,real_00803.jpg,61,0,170,233,0.997192,157,128,190,168,190,91,108,86,108,167,64.537,49.578,62.626,51.856,82.006,82.152
real,real_00804.jpg,46,53,136,187,0.999244,76,166,130,183,116,127,64,130,68,187,37.947,55.866,22.472,56.613,62.129,52.086
real,real_00805.jpg,53,35,150,208,0.97871,131,168,163,191,166,128,100,120,89,182,57.14,53.151,44.272,39.408,74.545,66.483
real,real_00806.jpg,58,69,131,174,0.998338,128,167,155,190,157,133,95,131,89,188,48.836,44.688,44.294,35.468,66.03,62.032
real,real_00807.jpg,64,51,140,191,0.9978,143,160,159,197,175,137,116,119,100,179,49.092,39.408,47.011,40.311,61.685,61.685
real,real_00808.jpg,63,57,133,185,0.999869,167,167,176,193,179,122,125,128,129,197,57.315,46.573,48.415,27.514,47.17,54.332
real,real_00809.jpg,49,34,159,211,0.999941,122,145,167,175,160,109,87,111,87,177,48.795,52.345,47.424,54.083,80.025,73.027
real,real_00810.jpg,57,51,135,187,0.998585,113,169,147,195,148,137,86,130,78,187,47.434,47.424,39.357,42.802,69.462,62.394
real,real_00811.jpg,49,37,163,214,0.999888,136,152,179,184,170,112,94,120,100,190,52.802,52.498,52.345,53.6,79.228,76.42
real,real_00812.jpg,52,33,163,203,0.998767,136,156,173,176,172,101,98,103,100,180,65.215,65.734,43.267,42.059,73.11,74.027
real,real_00813.jpg,49,36,159,218,0.999997,121,163,164,192,155,116,87,117,92,193,57.201,58.009,41.725,51.865,72.007,68.007
real,real_00814.jpg,48,31,164,208,0.999997,103,134,169,170,151,100,74,114,82,182,35.228,58.822,52.393,75.18,87.824,78.262
real,real_00815.jpg,43,71,132,171,0.999992,83,171,118,204,120,136,64,136,71,204,39.825,50.931,35.114,48.104,47.0,56.0
real,real_00816.jpg,60,63,130,173,0.998481,133,166,164,185,149,122,91,143,117,203,47.885,46.819,40.311,36.359,50.329,61.685
real,real_00817.jpg,63,69,126,174,0.871991,130,181,153,205,157,137,98,139,106,204,52.802,51.624,33.242,33.242,47.011,59.034
real,real_00819.jpg,52,52,136,180,0.999199,102,160,142,186,131,113,73,131,95,198,41.012,55.227,38.639,47.707,48.508,60.729
real,real_00820.jpg,63,35,141,204,0.993814,120,155,149,197,162,121,93,117,94,192,46.615,54.037,45.222,51.039,55.227,69.116
real,real_00821.jpg,70,45,126,181,0.980774,145,154,162,184,173,119,113,115,109,181,50.448,44.822,45.0,34.482,53.085,60.133
real,real_00822.jpg,53,28,155,207,0.999467,123,141,154,188,161,109,90,114,102,191,42.638,49.679,54.231,56.303,52.086,71.176
real,real_00823.jpg,61,74,121,164,0.998272,121,189,146,203,149,137,91,141,99,207,56.604,59.059,28.425,28.653,47.17,58.138
real,real_00824.jpg,48,50,139,198,0.999606,117,172,122,212,156,145,98,121,75,192,54.424,47.434,46.519,40.311,51.078,62.769
real,real_00825.jpg,17,0,206,250,0.989886,118,136,158,186,173,79,72,77,81,185,74.813,79.209,61.4,64.031,77.006,101.02
real,real_00826.jpg,58,77,120,156,0.998248,121,167,149,189,150,134,95,132,88,187,43.6,43.932,38.588,35.609,61.033,55.036
real,real_00827.jpg,50,42,145,202,0.999164,140,163,159,198,166,123,98,121,101,197,59.397,47.707,51.74,39.825,58.009,68.029
real,real_00828.jpg,61,28,168,214,0.999998,163,130,191,181,188,103,113,109,135,188,54.231,36.797,64.405,58.181,56.436,75.24
real,real_00829.jpg,55,57,147,187,0.992542,127,177,165,191,156,130,89,139,100,202,53.74,55.227,36.797,40.497,65.924,67.602
real,real_00830.jpg,56,69,142,177,0.985451,127,172,154,202,162,128,92,128,99,202,56.223,56.223,41.037,40.361,55.0,70.0
real,real_00831.jpg,39,28,157,217,0.999568,136,164,157,192,167,123,97,114,88,185,63.411,51.4,52.393,35.0,69.354,70.576
real,real_00832.jpg,41,37,148,213,0.998149,124,160,155,199,156,122,78,125,92,202,57.801,49.679,52.802,49.82,63.071,78.058
real,real_00833.jpg,43,18,163,222,0.993202,130,133,165,175,168,104,91,97,85,171,53.075,47.802,58.898,54.672,80.1,77.318
real,real_00834.jpg,58,72,130,171,0.998573,124,190,152,206,157,147,94,145,97,206,54.083,54.203,31.385,32.249,55.0,63.032
real,real_00835.jpg,52,24,153,213,1.0,160,141,173,190,179,117,114,106,120,184,57.801,30.61,58.728,50.695,53.339,65.924
real,real_00836.jpg,42,21,171,226,0.999999,89,144,133,196,147,111,68,113,67,195,37.443,66.731,55.543,68.118,66.008,79.025
real,real_00837.jpg,58,87,125,149,0.998918,111,179,141,202,145,136,85,134,94,201,51.971,54.818,27.803,37.802,47.011,60.033
real,real_00838.jpg,44,39,164,203,0.999913,122,130,154,182,160,110,85,112,93,183,41.146,42.942,60.415,61.057,61.008,75.027
real,real_00839.jpg,59,65,134,180,0.984804,118,176,153,200,145,128,84,140,105,208,49.518,55.073,34.54,42.438,48.662,62.169
real,real_00840.jpg,65,49,147,202,0.999538,166,169,184,195,186,128,123,129,123,197,58.728,45.618,51.313,31.623,61.033,63.008
real,real_00841.jpg,45,52,145,187,0.950434,108,165,151,186,143,113,75,123,91,198,53.413,62.682,37.121,47.854,61.188,68.731
real,real_00842.jpg,60,38,142,208,0.999615,176,156,189,189,177,112,120,126,144,201,63.53,44.011,55.218,35.468,46.573,58.694
real,real_00843.jpg,49,58,137,177,0.999997,106,176,142,194,141,131,78,135,88,197,49.649,57.009,27.659,40.249,54.083,63.127
real,real_00844.jpg,69,27,149,207,0.995453,162,144,195,165,178,105,114,120,124,181,53.666,42.154,53.038,39.115,72.78,65.734
real,real_00845.jpg,42,32,150,205,0.999974,94,162,133,196,142,117,73,114,75,194,52.393,65.795,37.216,51.74,58.034,69.065
real,real_00846.jpg,56,42,149,213,0.999443,128,167,160,200,163,119,92,123,99,205,56.851,59.405,47.802,45.967,61.205,71.113
real,real_00847.jpg,27,0,209,255,0.996579,134,163,179,194,186,113,86,107,82,188,73.756,72.139,57.697,54.644,97.185,100.18
real,real_00848.jpg,44,66,134,178,0.999386,77,168,116,209,130,136,67,130,62,204,39.294,61.911,39.0,56.586,54.231,63.285
real,real_00849.jpg,60,31,142,197,0.999243,106,152,139,190,155,120,89,102,77,171,52.811,58.523,34.67,50.329,64.846,68.411
real,real_00850.jpg,51,27,174,211,0.999913,149,139,198,161,172,90,93,118,116,188,59.808,54.129,59.076,53.712,86.331,83.815
real,real_00851.jpg,76,42,155,213,0.999926,203,157,221,199,208,122,144,130,162,209,64.885,35.355,66.219,45.695,59.841,64.498
real,real_00852.jpg,101,76,122,163,0.999994,203,163,198,203,210,141,163,128,163,196,53.151,23.087,51.856,40.311,35.693,48.765
real,real_00853.jpg,64,53,143,179,0.999928,182,134,199,178,183,105,123,116,148,189,61.685,29.017,64.661,47.17,52.173,61.0
real,real_00854.jpg,52,45,136,198,0.98914,123,154,151,188,151,122,90,121,89,187,46.669,42.521,47.381,44.045,62.008,61.008
real,real_00855.jpg,36,17,165,226,0.998807,172,154,168,189,180,102,116,103,121,191,75.743,52.612,63.008,35.228,47.043,64.008
real,real_00856.jpg,45,27,168,221,0.998505,124,177,161,193,163,117,83,120,92,197,70.214,71.561,37.736,40.311,69.116,80.056
real,real_00857.jpg,72,59,154,185,0.999978,134,179,184,181,156,118,100,148,134,208,46.011,64.846,29.0,50.04,56.824,63.53
real,real_00858.jpg,47,44,153,204,0.999999,143,162,160,197,172,133,108,120,92,184,54.672,41.012,55.543,38.91,69.231,65.307
real,real_00859.jpg,61,47,125,184,0.999994,144,167,146,197,165,139,112,121,100,182,56.036,35.0,46.487,30.067,48.384,55.973
real,real_00860.jpg,34,0,194,234,0.970246,117,146,169,176,174,77,76,79,86,183,78.549,89.499,48.27,60.033,83.295,98.02
real,real_00861.jpg,41,19,176,214,0.998681,139,152,162,189,183,108,102,94,92,175,68.797,62.225,52.326,43.566,71.386,82.201
real,real_00862.jpg,68,73,127,171,0.999976,175,170,174,206,184,143,135,135,133,201,53.151,28.46,52.202,36.014,41.304,49.649
real,real_00863.jpg,52,69,138,176,0.991495,131,171,145,202,159,133,102,126,99,197,53.535,47.202,41.231,34.015,46.271,57.428
real,real_00864.jpg,65,56,138,186,0.998644,106,169,154,192,139,121,82,139,106,207,38.419,58.249,38.0,53.226,50.289,59.775
real,real_00865.jpg,55,13,143,237,0.99642,73,141,110,193,141,104,78,97,63,185,44.283,77.414,45.122,63.82,47.676,63.388
real,real_00866.jpg,56,21,155,220,0.980996,121,151,162,184,162,107,88,113,97,189,50.329,60.141,44.944,52.631,65.192,74.243
real,real_00867.jpg,45,1,180,231,0.999957,130,144,173,181,175,87,90,90,100,181,67.201,72.622,47.634,56.727,73.0,85.053
real,real_00868.jpg,54,32,141,211,0.998793,115,161,154,191,162,126,92,113,77,175,53.226,58.6,40.497,49.204,78.645,71.197
real,real_00869.jpg,41,23,181,219,0.995596,131,124,169,183,174,100,87,97,89,179,51.624,49.244,69.203,70.178,80.1,87.052
real,real_00870.jpg,62,44,151,194,1.0,195,144,206,186,188,110,131,120,162,198,68.352,34.713,63.285,43.417,45.607,57.871
real,real_00871.jpg,53,57,148,190,0.996422,127,162,156,204,163,132,91,132,98,205,46.861,46.861,51.865,51.039,58.009,72.0
real,real_00872.jpg,44,52,157,190,0.998458,120,164,168,174,139,108,79,142,117,203,46.53,59.135,39.115,49.031,58.669,68.964
real,real_00873.jpg,24,0,217,255,0.997779,134,120,196,161,163,71,76,104,112,190,60.166,56.939,73.376,74.33,88.865,93.048
real,real_00874.jpg,53,58,138,193,0.994091,109,175,136,209,150,137,85,129,82,201,51.884,55.902,37.483,43.417,54.589,65.49
real,real_00875.jpg,86,72,150,176,0.999647,192,169,222,194,193,124,134,153,179,217,60.166,45.011,49.729,39.051,48.765,65.742
real,real_00876.jpg,66,70,141,173,0.999964,140,181,169,200,168,129,103,135,117,206,59.034,59.059,33.971,34.67,52.345,65.276
real,real_00877.jpg,29,47,172,203,0.99499,109,172,159,186,134,116,68,149,109,213,47.011,61.327,41.0,51.923,56.824,73.79
real,real_00878.jpg,51,63,150,188,0.996682,130,167,168,195,159,133,91,139,101,205,48.01,44.688,47.802,47.202,67.742,68.264
real,real_00879.jpg,65,47,133,202,0.998938,142,176,151,209,173,144,111,126,95,193,58.83,44.553,49.98,34.205,58.241,64.56
real,real_00880.jpg,1,0,254,255,0.993813,122,143,185,188,189,50,65,54,84,191,105.688,114.621,61.221,77.421,101.045,124.064
real,real_00881.jpg,50,57,141,190,0.996985,110,175,144,200,147,134,79,136,86,200,49.82,55.227,34.655,42.202,58.0,68.029
real,real_00882.jpg,51,44,156,193,0.999498,120,155,156,187,157,121,84,125,94,191,46.861,50.249,44.407,48.166,62.129,73.11
real,real_00883.jpg,59,70,134,179,0.999989,77,171,114,210,127,139,73,133,70,207,38.21,59.363,36.674,53.759,44.102,54.332
real,real_00884.jpg,58,40,144,171,0.848717,155,111,179,163,176,106,111,103,126,167,44.721,21.587,63.063,57.271,53.151,65.069
real,real_00885.jpg,36,0,194,248,0.989396,135,150,179,187,184,104,89,106,94,185,63.655,67.209,53.907,57.489,85.024,95.021
real,real_00886.jpg,50,55,138,181,0.999945,119,159,147,187,151,122,90,123,95,188,46.228,48.918,37.643,39.598,52.01,61.008
real,real_00887.jpg,56,28,152,207,0.99904,142,150,182,166,165,103,98,118,107,184,54.406,52.326,48.795,43.081,77.13,68.659
real,real_00888.jpg,65,0,186,252,0.999043,202,137,222,174,208,71,127,93,151,192,86.954,66.272,75.007,42.059,73.246,83.934
real,real_00889.jpg,59,76,133,171,0.99965,135,174,154,207,163,141,103,137,106,204,48.918,43.278,41.725,38.079,48.094,60.133
real,real_00890.jpg,47,32,150,205,0.999228,112,144,128,195,163,128,97,100,73,170,46.487,53.451,46.872,53.451,60.415,71.694
real,real_00891.jpg,54,58,137,174,0.99999,85,156,125,189,127,118,74,123,80,195,34.785,56.639,39.319,51.856,45.398,53.235
real,real_00892.jpg,48,27,151,216,0.998725,128,152,146,193,165,111,97,100,90,185,60.539,55.227,50.329,44.777,56.569,68.884
real,real_00893.jpg,60,44,144,198,0.999617,161,151,169,193,186,130,124,109,104,171,55.973,32.65,60.407,42.755,68.622,65.46
real,real_00894.jpg,41,10,187,230,0.997267,152,160,184,183,196,95,107,85,98,175,87.464,78.492,56.045,39.408,86.371,89.56
real,real_00896.jpg,41,39,165,201,0.99997,108,125,140,182,154,108,77,106,76,180,36.359,49.041,63.632,65.368,64.031,77.026
real,real_00897.jpg,49,77,140,171,0.99991,88,182,137,201,124,132,70,146,91,211,40.249,61.612,29.155,52.555,47.074,55.785
real,real_00898.jpg,70,69,120,173,0.941635,125,178,151,202,153,134,98,136,110,206,49.93,52.154,31.765,35.384,41.195,55.036
real,real_00899.jpg,35,48,157,204,0.999861,104,176,150,190,133,125,70,137,85,204,51.74,58.669,33.838,48.083,66.491,64.133
real,real_00900.jpg,64,46,138,191,0.988458,159,140,175,181,179,114,113,113,116,181,53.339,32.802,59.414,44.011,59.0,66.008
real,real_00901.jpg,9,0,238,255,0.998107,119,141,175,191,181,78,65,75,60,186,85.276,88.391,74.202,75.073,115.109,116.039
real,real_00902.jpg,38,27,178,224,0.998304,125,157,164,199,167,111,83,110,91,197,63.032,62.29,52.498,57.315,73.027,84.006
real,real_00903.jpg,58,59,142,187,0.999037,124,185,161,201,159,140,94,141,92,201,53.254,57.009,35.777,40.311,69.0,65.008
real,real_00904.jpg,20,0,193,236,0.999382,116,134,166,167,154,81,68,96,82,182,61.221,65.215,58.822,59.908,85.329,87.298
real,real_00905.jpg,76,83,117,156,0.999999,91,171,131,201,132,135,87,141,94,206,30.265,54.562,35.128,50.0,37.336,45.398
real,real_00906.jpg,53,55,138,176,0.9997,123,156,162,179,152,121,89,127,92,187,44.688,45.453,43.841,45.277,70.456,63.285
real,real_00907.jpg,48,45,141,184,0.999995,112,152,149,177,146,112,82,120,89,184,43.863,52.498,39.408,44.654,60.407,64.498
real,real_00908.jpg,63,47,132,184,0.998226,115,159,151,187,153,128,89,123,85,181,44.407,49.041,37.202,45.607,66.272,64.195
real,real_00909.jpg,53,44,140,198,0.997303,118,163,143,199,157,122,88,121,93,197,51.614,56.586,42.202,43.829,50.04,69.007
real,real_00910.jpg,24,0,218,255,0.997961,100,159,119,223,177,133,85,91,52,190,69.635,81.271,57.14,66.761,74.686,101.134
real,real_00911.jpg,45,42,161,211,0.999883,122,170,164,198,146,115,80,137,112,213,53.413,60.008,44.147,50.478,54.12,69.57
real,real_00912.jpg,55,60,141,179,0.999963,123,170,148,197,155,130,91,128,94,195,52.802,51.225,38.288,36.797,54.037,64.031
real,real_00913.jpg,56,20,184,235,0.999933,120,174,167,201,167,110,86,114,102,204,68.964,79.404,34.986,54.203,65.069,81.099
real,real_00914.jpg,61,39,138,206,0.999751,186,158,191,197,185,121,129,127,147,204,64.885,37.014,60.308,39.319,44.553,56.321
real,real_00915.jpg,45,55,148,194,0.999995,88,175,142,195,129,132,69,139,76,202,40.706,59.414,29.547,57.585,66.37,60.407
real,real_00916.jpg,46,32,155,206,0.999774,131,143,152,193,170,130,97,116,88,180,43.417,41.11,56.727,54.231,65.307,74.33
real,real_00917.jpg,68,18,181,230,0.999827,172,132,220,177,195,96,119,121,157,195,54.129,42.72,64.761,65.795,65.521,80.006
real,real_00918.jpg,36,24,165,223,0.999994,122,133,152,189,154,99,78,103,94,192,53.254,46.69,65.307,63.53,58.078,76.105
real,real_00919.jpg,54,46,146,193,0.999992,137,154,162,193,172,132,104,124,95,182,44.598,41.34,50.478,46.325,67.897,68.469
real,real_00920.jpg,52,53,155,193,0.999984,144,160,169,200,172,132,103,136,115,205,47.508,39.598,53.535,47.17,54.231,69.116
real,real_00921.jpg,25,69,144,186,0.988791,83,194,96,226,134,172,77,141,48,200,53.339,55.543,35.511,34.54,54.589,64.885
real,real_00922.jpg,49,57,139,185,0.999949,83,169,129,196,122,121,68,134,85,207,38.079,61.847,38.053,53.339,45.354,55.543
real,real_00923.jpg,68,102,121,149,0.999867,123,198,151,214,153,161,96,163,101,216,44.204,47.634,28.425,32.249,50.04,57.035
real,real_00924.jpg,32,0,204,245,0.993504,126,156,179,182,176,77,75,85,93,190,87.419,93.493,47.381,59.034,86.371,101.316
real,real_00925.jpg,47,56,132,175,0.989002,112,161,145,192,142,123,81,128,88,196,45.277,48.415,42.438,45.277,57.14,61.205
real,real_00926.jpg,54,75,146,170,0.999833,144,182,158,214,172,155,112,149,113,211,45.967,38.897,42.45,34.928,45.1,60.299
real,real_00927.jpg,74,63,126,179,0.999088,174,166,183,194,187,135,133,132,127,192,53.263,33.615,53.712,29.411,56.036,54.083
real,real_00928.jpg,71,60,116,172,0.98659,122,163,148,196,157,131,99,131,103,195,39.408,47.424,37.216,42.012,45.011,58.0
real,real_00929.jpg,52,66,140,189,0.997218,127,197,151,215,161,148,92,147,98,214,61.033,59.641,33.615,30.0,53.009,69.007
real,real_00930.jpg,55,58,132,176,0.999997,152,159,172,184,167,125,109,126,110,184,54.203,37.162,48.877,32.016,62.0,58.009
real,real_00931.jpg,46,29,164,217,0.99072,131,155,161,191,164,111,92,118,106,197,53.759,55.0,48.877,46.861,55.326,72.339
real,real_00932.jpg,36,26,171,213,0.999989,111,146,156,176,154,108,75,106,73,173,53.814,57.385,46.615,54.083,83.054,79.025
real,real_00933.jpg,54,38,155,205,0.998936,127,161,170,179,159,110,89,120,98,189,55.902,60.208,40.311,46.615,72.691,70.711
real,real_00934.jpg,65,54,148,196,0.964829,142,177,162,206,180,135,112,130,107,201,55.758,56.639,42.438,35.228,55.227,68.184
real,real_00935.jpg,63,57,142,188,0.99978,145,174,149,211,178,147,118,121,96,188,59.481,42.638,50.961,37.216,57.775,65.391
real,real_00936.jpg,51,33,158,213,0.999911,132,159,164,194,171,117,95,114,99,193,58.258,57.315,47.381,47.424,65.008,76.059
real,real_00937.jpg,48,81,141,164,0.99952,120,174,155,197,142,126,85,144,111,210,46.098,52.802,37.108,41.881,45.88,59.775
real,real_00938.jpg,64,50,157,188,0.999887,132,149,178,183,167,116,100,138,122,201,33.838,48.104,52.953,57.201,58.822,70.52
real,real_00939.jpg,57,37,138,177,0.99775,118,126,154,167,151,97,90,106,101,175,34.409,43.932,51.865,54.562,53.6,61.66
real,real_00940.jpg,53,48,149,180,1.0,139,123,174,171,167,110,97,110,98,171,43.966,30.871,63.127,59.405,76.0,70.0
real,real_00941.jpg,59,47,153,204,0.999999,141,159,159,202,176,129,108,119,105,194,51.856,46.098,50.21,46.615,54.589,68.731
real,real_00942.jpg,1,0,232,255,0.998308,101,112,126,193,170,89,65,64,51,174,60.0,72.732,79.649,84.77,77.369,107.935
real,real_00943.jpg,65,78,134,171,0.998198,134,173,148,215,168,157,106,147,106,210,38.21,37.577,46.4,44.272,42.297,62.801
real,real_00944.jpg,48,62,153,192,0.999938,93,173,138,206,138,139,73,141,75,206,37.736,56.4,37.59,55.803,63.0,65.031
real,real_00945.jpg,43,34,161,204,0.991473,125,145,155,191,159,116,80,117,95,192,53.0,44.688,55.758,54.918,60.008,79.006
real,real_00946.jpg,45,57,192,173,0.938364,154,155,193,142,146,108,112,161,163,188,42.426,47.676,34.205,41.11,54.918,62.968
real,real_00947.jpg,18,0,214,252,0.994021,117,138,160,187,166,76,72,81,85,193,72.622,79.025,63.632,65.192,75.24,94.133
real,real_00948.jpg,27,0,197,247,0.997367,120,122,162,177,166,81,78,85,81,180,55.973,61.62,69.893,69.203,81.056,88.091
real,real_00949.jpg,24,0,190,224,0.999985,124,122,164,167,169,69,81,70,84,169,67.476,69.527,61.717,60.208,80.025,88.006
real,real_00950.jpg,64,70,147,185,0.999987,142,171,167,217,176,144,109,139,110,213,45.967,43.417,52.802,52.355,57.14,67.186
real,real_00952.jpg,21,0,216,253,0.999097,124,123,179,172,177,86,74,91,76,177,59.363,64.637,72.25,73.661,103.121,103.121
real,real_00953.jpg,43,21,184,234,0.995749,149,156,194,184,182,102,94,118,108,199,66.851,63.285,59.414,53.0,87.298,89.443
real,real_00954.jpg,52,0,194,246,0.995792,151,120,203,161,185,78,95,102,117,184,58.822,54.037,72.471,66.219,89.022,93.145
real,real_00955.jpg,63,60,130,173,0.999574,133,164,167,180,154,123,96,134,102,191,47.634,46.065,41.11,37.577,65.924,59.034
real,real_00956.jpg,89,69,124,166,0.996098,176,168,194,192,189,124,134,136,152,201,52.802,45.88,40.804,30.0,42.953,56.294
real,real_00957.jpg,42,30,158,212,0.99988,117,158,125,203,165,142,102,106,70,173,54.12,50.596,49.336,45.706,62.65,72.56
real,real_00958.jpg,43,42,158,213,0.995859,110,182,151,219,153,135,71,137,74,221,59.548,63.702,53.075,55.227,77.026,82.024
real,real_00959.jpg,71,53,136,177,0.999376,151,137,173,187,175,117,114,114,120,183,43.566,31.241,55.471,54.626,53.151,61.074
real,real_00960.jpg,55,61,129,185,0.985339,123,180,147,205,151,134,89,135,93,204,56.4,53.852,38.419,34.655,54.009,62.008
real,real_00961.jpg,57,65,135,182,0.971078,118,174,153,199,151,134,88,140,100,204,45.343,51.856,34.986,43.012,53.235,63.285
real,real_00962.jpg,41,28,166,193,0.999236,134,108,163,174,171,92,93,89,92,172,45.188,40.311,76.551,72.09,71.028,78.058
real,real_00963.jpg,84,53,114,184,0.99475,166,165,171,192,180,130,129,122,123,185,56.727,37.696,47.424,27.459,48.508,51.624
real,real_00964.jpg,42,33,152,218,0.992263,123,175,157,205,156,121,82,127,98,211,63.127,63.285,43.829,45.343,59.304,74.243
real,real_00965.jpg,52,38,167,216,0.995723,119,139,152,199,173,122,95,121,88,199,30.0,56.613,67.535,68.476,64.0,78.006
real,real_00966.jpg,40,0,190,217,0.986018,126,118,173,158,169,58,84,70,104,169,63.781,73.817,55.543,61.717,69.871,85.843
real,real_00967.jpg,50,56,157,188,0.999976,117,154,157,191,152,114,84,131,107,204,40.224,53.151,50.99,54.489,51.662,70.093
real,real_00968.jpg,48,33,151,201,0.999891,84,137,121,187,150,120,80,105,60,177,32.249,68.154,46.648,62.201,61.814,71.589
real,real_00969.jpg,28,12,192,240,0.991659,135,164,189,173,150,95,80,136,127,209,61.717,70.612,45.706,54.745,71.694,81.123
real,real_00970.jpg,5,24,227,231,0.988643,98,185,162,210,142,117,52,142,80,234,62.968,80.994,52.202,68.71,85.44,93.408
real,real_00971.jpg,51,63,138,172,0.999867,96,167,139,191,136,122,76,131,88,199,41.183,60.208,32.985,49.244,51.624,60.671
real,real_00972.jpg,51,29,158,204,0.999998,120,150,165,179,157,104,84,111,93,187,53.075,59.034,45.804,53.535,72.443,73.335
real,real_00973.jpg,64,52,128,165,0.999997,151,133,154,180,172,128,116,107,107,164,43.6,21.587,53.824,47.096,49.649,59.808
real,real_00974.jpg,43,36,159,193,0.999965,117,146,168,167,148,104,81,121,88,183,43.829,52.202,47.011,55.154,81.584,69.123
real,real_00975.jpg,64,43,124,190,0.999693,131,137,152,182,163,120,104,108,93,168,39.623,36.235,49.041,49.659,60.638,60.208
real,real_00977.jpg,51,31,143,192,0.999801,134,116,157,170,163,101,96,99,102,168,41.629,32.65,61.057,58.694,55.036,67.03
real,real_00978.jpg,43,35,157,207,0.999993,120,151,153,194,159,110,83,114,96,198,52.326,56.586,52.773,54.203,57.14,76.105
real,real_00979.jpg,51,59,145,184,0.999986,131,168,147,207,164,137,97,128,96,199,52.498,45.277,46.755,42.154,51.624,67.602
real,real_00980.jpg,37,0,194,215,0.999661,132,119,170,155,183,63,94,55,85,144,74.431,75.743,53.235,52.345,85.709,89.359
real,real_00981.jpg,71,64,127,185,0.995853,122,178,145,209,160,142,99,133,94,201,50.537,52.345,36.235,38.601,51.624,61.66
real,real_00982.jpg,48,45,148,199,0.999994,78,152,119,194,136,119,72,113,65,188,39.459,66.731,38.275,58.694,54.332,64.281
real,real_00983.jpg,51,26,161,216,0.997565,152,156,186,172,164,104,96,132,121,198,60.926,53.367,52.202,37.577,70.007,73.539
real,real_00984.jpg,29,12,197,220,0.997847,130,127,187,155,148,71,76,120,132,192,54.452,58.822,65.031,63.506,66.287,87.092
real,real_00985.jpg,58,44,154,198,0.99005,131,161,164,196,166,119,94,128,108,201,49.578,54.672,46.141,48.104,56.223,72.56
real,real_00986.jpg,55,64,126,177,0.999454,81,173,120,203,124,130,69,131,72,204,43.681,60.811,32.28,49.204,48.01,55.009
real,real_00987.jpg,40,40,162,207,0.999615,95,158,150,185,145,121,72,120,76,185,44.418,62.201,33.015,61.27,74.0,73.007
real,real_00988.jpg,71,60,161,193,0.999584,164,166,202,193,188,126,117,146,139,212,51.078,46.648,52.355,46.615,65.803,73.763
real,real_00989.jpg,57,75,129,160,0.999959,117,168,150,194,146,133,86,138,98,198,43.139,45.453,35.511,42.012,52.154,60.208
real,real_00990.jpg,57,73,127,160,0.999847,137,155,147,192,160,128,106,120,102,185,46.755,35.468,46.098,38.328,45.541,54.589
real,real_00991.jpg,41,50,131,178,0.998202,91,155,118,191,136,126,75,117,65,182,41.231,53.535,37.483,45.0,53.759,61.66
real,real_00992.jpg,73,38,159,211,0.999313,177,160,194,201,198,127,128,120,133,196,63.253,39.115,56.851,44.385,61.205,70.349
real,real_00993.jpg,51,29,158,212,0.999998,180,138,183,188,198,108,129,93,124,175,68.015,34.986,67.119,50.09,60.415,70.612
real,real_00994.jpg,49,1,173,235,0.999884,163,143,179,184,192,100,118,90,113,176,69.527,51.865,59.908,44.011,66.483,74.673
real,real_00995.jpg,30,15,172,230,0.999993,87,151,146,176,132,93,62,113,82,192,45.486,73.41,41.304,64.078,65.97,72.801
real,real_00996.jpg,28,0,212,254,0.91954,135,152,168,191,191,102,96,80,77,171,81.884,75.073,61.033,51.088,93.172,97.514
real,real_00997.jpg,58,52,139,193,0.989581,103,170,136,203,150,131,87,116,76,190,56.321,61.074,33.601,46.669,61.392,64.761
real,real_00998.jpg,45,40,141,197,0.999837,99,144,135,184,140,114,74,112,76,181,40.608,50.804,43.566,53.814,59.076,66.03
real,real_00999.jpg,52,39,148,198,0.999742,128,154,156,192,163,121,96,119,96,189,47.424,48.104,47.424,47.202,60.075,67.03
real,real_01000.jpg,42,33,155,207,0.994012,117,150,153,190,154,114,82,118,92,194,47.424,51.624,50.606,53.814,61.131,72.111
real,real_01001.jpg,57,46,145,195,0.999996,125,160,158,197,159,124,93,126,99,198,46.69,49.518,46.043,49.578,59.008,66.03
real,real_01002.jpg,57,48,130,201,0.999778,81,166,122,199,125,122,71,127,77,202,40.262,62.225,36.222,52.631,45.1,54.231
real,real_01003.jpg,56,64,138,182,0.996147,119,175,154,196,152,130,89,127,88,195,56.604,55.803,36.892,40.817,66.008,63.071
real,real_01004.jpg,27,9,202,246,0.847525,126,170,170,203,173,103,81,106,92,204,78.237,81.841,48.083,55.0,78.006,92.049
real,real_01005.jpg,57,67,143,185,0.99162,136,172,162,203,168,127,97,128,101,203,58.796,55.218,46.755,40.46,61.0,71.007
real,real_01006.jpg,49,40,154,204,0.999115,100,167,142,199,152,124,78,117,78,193,54.626,67.476,34.059,52.802,64.281,74.33
real,real_01007.jpg,51,30,160,201,0.999297,128,152,164,176,164,95,95,100,100,182,61.587,67.417,41.037,43.267,64.281,69.181
real,real_01008.jpg,66,66,119,171,0.98044,128,170,154,195,158,138,101,133,96,190,45.804,43.863,37.736,36.069,58.215,57.219
real,real_01009.jpg,64,49,147,197,0.995711,152,167,177,196,184,131,113,127,109,194,55.866,48.166,50.774,38.288,68.029,71.113
real,real_01010.jpg,62,46,151,199,0.99998,78,156,130,189,135,117,77,118,78,193,38.013,69.065,37.0,61.587,52.154,58.009
real,real_01011.jpg,41,47,155,207,0.999268,123,176,149,207,157,131,87,131,95,208,57.628,56.4,42.521,40.46,54.009,70.0
real,real_01012.jpg,56,1,170,227,0.997244,176,127,202,160,185,79,110,105,145,181,69.57,48.836,62.266,42.012,60.745,79.379
real,real_01013.jpg,61,48,159,200,0.999994,171,162,195,197,193,124,121,128,130,202,60.465,43.909,57.28,42.438,65.192,72.111
real,real_01014.jpg,33,20,191,235,0.995982,112,174,167,188,138,103,69,138,112,215,56.08,75.611,41.0,56.754,61.27,77.369
real,real_01015.jpg,53,30,169,214,0.996226,125,152,175,174,156,100,88,125,115,196,45.804,60.539,45.122,54.626,63.906,72.45
real,real_01016.jpg,61,47,126,188,0.986922,125,162,149,188,152,118,94,122,105,191,50.606,51.624,35.228,35.384,44.102,58.138
real,real_01017.jpg,60,46,149,192,0.999997,141,146,175,182,164,107,97,123,125,195,49.649,45.277,51.546,49.518,51.662,68.884
real,real_01018.jpg,43,31,180,224,0.984832,145,152,174,200,181,123,100,125,108,203,52.479,46.228,63.008,56.08,66.068,81.025
real,real_01019.jpg,51,24,169,231,0.999901,141,172,152,216,188,136,114,111,94,198,66.708,59.203,53.712,45.354,60.729,78.109
real,real_01020.jpg,57,69,145,179,0.999994,120,180,165,191,148,132,90,149,107,207,43.139,55.57,29.967,46.325,60.166,60.44
real,real_01021.jpg,51,49,157,192,0.999526,139,150,160,199,171,119,98,115,105,195,53.907,44.553,56.4,53.31,55.145,73.11
real,real_01022.jpg,65,65,124,170,0.999976,130,173,157,198,157,137,98,140,109,201,45.967,45.0,35.0,36.797,48.094,59.076
real,real_01023.jpg,43,43,150,199,0.999996,82,156,127,190,129,119,68,125,71,196,34.015,59.816,41.485,56.4,56.321,61.294
real,real_01024.jpg,54,43,158,208,0.997099,166,150,196,185,172,108,107,131,143,204,61.984,42.426,58.694,46.098,56.303,68.949
real,real_01025.jpg,26,35,159,199,0.998968,53,135,80,195,127,126,73,100,35,175,40.311,74.545,43.863,65.795,49.244,59.933
real,real_01026.jpg,43,44,150,211,0.999957,147,184,158,208,171,130,102,128,99,206,71.84,59.093,52.802,26.401,59.034,69.029
real,real_01027.jpg,53,17,162,229,0.995025,159,157,184,184,184,108,106,108,108,183,72.18,55.009,57.245,36.797,76.007,78.0
real,real_01028.jpg,56,51,127,180,0.995938,119,164,155,179,147,123,85,130,90,187,48.083,49.649,37.014,39.0,65.49,62.394
real,real_01029.jpg,65,80,123,170,0.987689,102,189,133,217,141,151,85,149,85,214,43.463,54.452,30.232,41.773,48.094,56.036
real,real_01030.jpg,62,44,142,202,0.999999,158,178,164,205,182,136,117,124,115,199,67.801,48.374,47.854,27.659,49.366,66.098
real,real_01031.jpg,67,57,132,185,0.979886,139,165,160,201,166,130,103,129,115,201,50.912,44.204,43.267,41.677,45.0,63.008
real,real_01032.jpg,41,0,171,244,0.99893,97,134,157,175,157,91,76,92,73,174,46.957,73.817,46.648,72.67,84.006,81.006
real,real_01033.jpg,40,37,143,213,0.936062,88,161,136,193,134,121,66,127,73,198,40.497,60.959,39.925,57.689,63.198,68.264
real,real_01034.jpg,10,43,229,208,0.994389,108,165,91,209,161,172,114,105,51,155,60.299,53.46,57.871,47.17,67.201,81.841
real,real_01035.jpg,51,70,135,185,0.99657,123,199,130,225,159,166,98,143,79,205,61.327,48.836,44.407,26.926,54.781,65.192
real,real_01036.jpg,46,46,134,195,0.990874,84,166,133,190,129,122,68,124,69,190,44.944,62.936,28.302,54.562,64.0,61.033
real,real_01037.jpg,75,69,107,158,0.999748,146,171,153,192,167,143,118,131,105,180,48.826,35.0,41.976,22.136,49.477,50.448
real,real_01038.jpg,60,56,126,184,0.999997,166,166,165,200,176,129,124,127,126,198,57.315,38.328,51.225,34.015,39.051,52.038
real,real_01039.jpg,68,39,168,210,0.999995,168,151,196,191,194,112,119,120,135,195,57.983,46.872,55.0,48.826,61.131,75.425
real,real_01040.jpg,56,34,149,211,0.997916,132,159,139,207,176,141,109,108,84,180,55.946,47.539,52.393,48.508,61.27,74.686
real,real_01041.jpg,65,39,144,199,0.999769,171,160,193,180,180,108,117,126,136,198,63.812,52.773,51.662,29.732,59.775,65.521
real,real_01042.jpg,50,38,155,217,0.999989,86,171,128,208,140,127,70,122,73,204,51.546,69.656,35.468,55.973,55.145,70.178
real,real_01043.jpg,48,52,157,183,0.997277,92,154,139,186,134,113,69,135,87,202,29.833,58.694,48.26,56.859,54.406,68.622
real,real_01044.jpg,72,48,132,193,0.997597,161,169,173,195,177,129,117,126,121,193,61.522,43.081,46.648,28.636,52.038,60.075
real,real_01045.jpg,56,47,151,197,0.999347,111,167,156,191,143,116,81,135,110,207,43.863,60.208,40.012,51.0,48.703,64.846
real,real_01046.jpg,59,80,129,168,0.997025,145,183,160,207,168,139,106,138,103,205,59.548,49.649,47.413,28.302,57.035,62.008
real,real_01047.jpg,46,50,165,195,0.983656,131,163,176,184,149,114,89,152,135,214,43.417,52.202,51.157,49.659,50.804,71.021
real,real_01048.jpg,61,58,127,178,0.99862,98,160,144,192,135,122,82,137,99,204,28.018,53.038,44.011,56.036,46.573,55.082
real,real_01049.jpg,70,71,130,182,0.996967,147,186,176,193,166,141,107,151,110,204,53.151,48.847,41.146,29.833,66.91,59.841
real,real_01050.jpg,60,52,137,199,0.990713,154,181,161,205,180,141,119,127,98,193,64.351,47.707,57.271,25.0,64.133,62.586
real,real_01051.jpg,62,60,136,180,0.999672,153,179,147,199,181,150,130,125,95,175,58.694,40.311,58.138,20.881,57.271,56.798
real,real_01052.jpg,43,24,168,220,0.988548,127,153,146,199,175,131,102,104,77,172,55.009,52.802,53.488,49.769,74.095,77.833
real,real_01053.jpg,25,20,186,223,0.999985,132,131,171,178,171,97,82,97,85,178,60.465,51.74,66.468,61.074,86.0,89.0
real,real_01054.jpg,77,63,132,172,0.999829,153,175,147,208,186,148,130,119,102,183,60.539,42.638,51.624,33.541,51.478,63.063
real,real_01055.jpg,59,62,142,182,0.998169,128,179,160,202,160,134,96,140,109,209,50.448,55.218,35.511,39.408,51.478,64.281
real,real_01056.jpg,62,44,133,191,0.998568,129,163,157,192,164,120,96,121,103,194,53.413,55.444,40.46,40.311,54.037,68.007
real,real_01057.jpg,58,55,136,194,0.99484,138,169,162,205,164,132,97,137,108,209,52.01,45.222,50.0,43.267,54.148,67.186
real,real_01058.jpg,56,32,156,205,0.999997,126,148,165,188,168,119,93,115,89,184,46.669,51.039,51.624,55.866,76.105,75.107
real,real_01059.jpg,42,50,147,187,0.999971,84,161,119,195,124,123,67,128,72,198,37.121,55.172,38.897,48.795,47.096,57.219
real,real_01060.jpg,52,58,138,176,0.999989,123,157,155,192,156,126,92,131,99,197,40.46,45.277,46.648,47.424,56.223,64.195
real,real_01061.jpg,45,52,137,192,0.995345,122,167,146,199,151,131,86,129,91,199,52.345,46.228,44.553,40.0,55.0,65.031
real,real_01062.jpg,40,61,144,179,0.99806,79,165,126,194,123,124,60,139,75,207,32.202,60.141,42.19,55.227,52.631,64.761
real,real_01063.jpg,50,83,125,163,0.999512,146,177,150,209,161,150,110,140,105,201,51.624,30.887,47.508,32.249,45.706,51.971
real,real_01064.jpg,68,48,137,203,0.993144,125,168,154,200,163,133,100,125,96,192,49.739,51.662,37.643,43.186,58.549,63.506
real,real_01065.jpg,55,67,143,175,0.999542,131,172,157,203,163,140,94,142,105,206,47.634,45.255,42.802,40.46,52.086,69.029
real,real_01066.jpg,62,33,136,195,0.99975,112,152,151,179,149,112,87,113,97,184,46.325,54.489,35.341,47.434,54.231,62.008
real,real_01067.jpg,58,51,142,195,0.997833,181,170,182,199,190,125,136,132,138,206,58.898,45.891,56.08,29.017,44.553,54.452
real,real_01068.jpg,49,69,137,174,0.999965,120,166,154,194,152,135,87,135,85,193,45.277,44.553,44.204,44.045,69.007,65.0
real,real_01069.jpg,62,72,117,175,0.937041,88,179,134,201,124,139,76,147,90,208,34.176,53.814,29.069,50.99,44.553,48.662
real,real_01070.jpg,57,60,146,183,0.995832,126,165,168,189,162,131,91,135,93,192,46.098,49.518,42.638,48.374,75.06,71.113
real,real_01071.jpg,48,66,149,189,0.999754,152,190,173,202,165,139,108,157,126,218,55.0,52.631,38.21,24.187,49.649,59.775
real,real_01072.jpg,63,67,121,166,0.994688,123,170,150,188,155,134,97,128,91,182,49.396,48.166,34.176,32.45,59.304,58.31
real,real_01073.jpg,52,50,159,204,0.99305,124,179,166,199,160,123,87,132,102,206,59.816,66.573,34.828,46.519,64.382,73.553
real,real_01074.jpg,51,32,154,211,0.993135,120,165,157,190,162,112,90,109,87,185,63.53,67.624,38.588,44.654,70.178,72.062
real,real_01075.jpg,60,57,128,183,0.997713,126,170,149,200,153,131,93,132,102,201,50.329,47.434,39.205,37.802,47.011,60.008
real,real_01076.jpg,49,52,153,188,0.999916,116,156,155,190,149,114,79,132,103,201,44.102,53.413,46.84,51.74,53.151,72.277
real,real_01077.jpg,37,48,156,200,0.997682,126,186,151,206,154,132,81,140,97,213,64.351,60.828,39.623,32.016,54.452,73.437
real,real_01078.jpg,49,40,161,195,0.999612,131,138,156,189,168,116,92,114,99,187,45.793,43.046,58.523,56.798,57.035,76.026
real,real_01079.jpg,49,20,166,235,0.999175,130,154,152,209,176,119,101,106,90,197,56.08,57.801,58.728,59.237,63.151,76.118
real,real_01080.jpg,41,42,151,192,0.999967,118,143,148,190,154,116,84,117,88,190,42.802,45.0,55.758,55.758,60.0,70.007
real,real_01081.jpg,13,32,208,223,0.996637,114,199,124,251,165,168,84,130,50,217,75.24,59.682,66.483,52.953,81.437,89.471
fake,easy_100_1111.jpg,76,45,138,199,0.998259,156,171,173,202,186,130,121,125,123,202,57.801,50.804,45.277,35.355,50.0,65.192
fake,easy_101_0010.jpg,56,55,142,186,0.99959,138,161,167,183,166,126,103,127,99,184,48.795,44.822,45.277,36.401,68.007,63.008
fake,easy_102_0101.jpg,60,58,136,183,0.982781,128,170,158,192,156,123,89,133,101,198,53.759,54.708,38.897,37.202,57.315,67.742
fake,easy_103_1111.jpg,39,51,161,199,0.998847,113,168,159,187,140,121,74,142,100,207,46.872,54.203,41.11,49.769,62.298,69.26
fake,easy_104_1000.jpg,54,66,136,180,0.994399,124,156,148,200,151,125,89,130,107,202,43.6,41.11,49.041,50.12,41.049,62.201
fake,easy_105_1100.jpg,53,64,133,190,0.993046,99,179,129,212,141,146,82,137,75,205,45.31,53.413,35.384,44.598,54.452,59.682
fake,easy_106_0011.jpg,47,45,152,202,0.99994,99,163,137,203,149,131,78,125,76,195,43.417,59.363,39.408,55.172,61.522,71.253
fake,easy_107_1011.jpg,62,43,145,206,0.997624,138,175,166,199,171,127,105,122,101,197,62.434,58.249,43.046,36.878,65.031,66.189
fake,easy_108_1111.jpg,58,46,141,207,0.899693,118,177,148,209,161,137,93,130,93,204,53.235,58.728,36.797,43.863,55.227,68.359
fake,easy_109_1111.jpg,72,73,134,175,0.99681,160,178,171,209,182,146,120,135,118,200,58.728,38.833,47.413,32.894,53.759,62.968
fake,easy_10_0001.jpg,40,18,155,211,0.99969,112,125,150,167,149,95,79,100,82,169,41.4,47.634,53.254,56.639,68.029,70.178
fake,easy_110_0001.jpg,64,62,122,185,0.999756,156,182,157,211,175,148,123,137,113,203,55.803,38.949,47.854,29.017,44.721,53.151
fake,easy_111_1101.jpg,49,74,132,174,0.986548,120,182,148,206,151,145,83,144,91,205,53.038,48.27,37.014,36.878,57.009,68.007
fake,easy_112_1001.jpg,55,36,153,203,0.996344,128,167,152,196,170,134,103,118,87,180,55.009,53.413,43.012,37.643,66.94,68.884
fake,easy_113_0011.jpg,40,38,149,201,0.999971,126,162,157,188,159,123,93,118,88,181,55.0,51.088,42.485,40.46,69.354,66.189
fake,easy_114_1110.jpg,58,53,138,195,0.999787,125,165,153,201,155,124,93,128,104,203,48.918,50.804,43.417,45.607,49.041,62.129
fake,easy_115_0010.jpg,42,45,162,210,0.955832,119,174,152,211,155,130,82,139,94,219,50.931,56.851,51.478,49.578,58.549,73.553
fake,easy_116_111.jpg,48,28,166,224,0.999908,149,158,176,195,180,115,108,115,107,196,59.414,53.009,56.639,45.804,69.007,72.0
fake,easy_117_0101.jpg,58,73,142,173,0.998792,126,163,148,204,166,136,96,128,97,199,46.098,48.26,46.228,46.53,51.245,70.456
fake,easy_118_1111.jpg,45,76,144,179,0.983986,120,183,153,209,146,140,83,147,96,216,51.624,50.249,40.804,42.012,57.428,63.388
fake,easy_119_0011.jpg,46,24,162,214,0.999482,117,148,154,185,163,110,86,103,82,180,54.644,59.666,47.424,52.326,72.173,77.318
fake,easy_11_1111.jpg,39,20,160,218,0.999973,116,155,155,189,153,104,80,110,92,193,57.628,63.008,44.944,51.74,63.127,73.246
fake,easy_120_0011.jpg,47,76,152,175,0.996725,127,179,154,213,164,143,93,141,95,210,50.99,51.624,44.553,43.417,59.076,71.028
fake,easy_121_0011.jpg,68,58,131,196,0.999331,178,177,179,202,183,134,132,139,134,208,59.666,43.29,53.824,25.02,45.398,51.245
fake,easy_122_1011.jpg,59,83,134,168,0.941953,130,183,152,213,161,148,98,147,101,211,48.166,46.755,40.311,37.202,51.039,63.008
fake,easy_123_0100.jpg,53,64,135,185,0.989522,121,187,151,209,153,141,88,142,95,211,55.803,56.036,35.384,37.202,56.036,65.008
fake,easy_124_1110.jpg,62,51,141,186,0.997024,135,162,160,192,172,126,106,115,96,182,55.227,51.624,43.829,39.051,64.777,66.91
fake,easy_125_0011.jpg,54,60,138,188,0.997271,120,173,146,207,155,131,91,131,95,206,51.039,54.672,41.4,42.802,51.01,64.0
fake,easy_126_0111.jpg,59,64,132,182,0.999875,104,163,139,199,143,130,84,132,90,198,36.892,51.088,37.696,50.21,49.01,59.034
fake,easy_127_0001.jpg,46,42,157,205,0.992561,133,173,161,198,167,126,94,131,103,203,57.315,58.009,42.426,37.537,58.215,73.171
fake,easy_128_0111.jpg,54,58,152,189,0.999841,126,177,166,197,164,138,91,140,95,197,50.931,54.452,36.892,44.721,71.0,73.027
fake,easy_129_1111.jpg,54,81,121,165,0.9987,102,184,135,207,134,142,77,149,89,212,43.012,52.802,30.871,40.224,46.271,57.428
fake,easy_12_1110.jpg,64,93,116,149,0.997939,123,180,149,206,150,149,93,152,104,209,41.037,41.11,34.67,36.77,45.1,57.079
fake,easy_130_1101.jpg,54,56,138,189,0.99884,122,161,154,195,155,130,91,130,94,196,43.841,45.277,44.822,46.69,60.008,64.0
fake,easy_131_1001.jpg,52,52,154,199,0.999449,110,175,156,198,142,120,79,141,107,213,46.011,63.632,38.118,51.43,51.245,66.408
fake,easy_132_0110.jpg,48,52,162,196,0.998244,123,160,163,192,160,121,84,138,107,204,44.777,53.759,46.819,51.225,57.271,77.878
fake,easy_133_1100.jpg,63,60,136,167,0.999906,153,151,168,190,176,116,112,118,122,190,52.631,41.881,49.82,41.785,46.0,64.031
fake,easy_134_0001.jpg,70,82,133,166,0.998893,163,181,181,204,176,139,117,150,134,213,55.471,43.966,43.186,29.206,47.854,60.017
fake,easy_135_0011.jpg,47,41,150,191,0.986393,139,145,169,181,158,109,90,122,112,191,54.129,40.706,53.339,46.861,57.871,69.231
fake,easy_136_0111.jpg,53,82,116,159,0.999632,87,173,112,207,127,146,76,139,72,201,35.735,48.26,31.765,42.202,40.447,51.478
fake,easy_137_0001.jpg,46,78,123,157,0.999733,84,168,112,204,123,142,70,139,67,200,32.202,46.872,36.235,45.607,45.177,53.085
fake,easy_138_0101.jpg,60,54,143,200,0.998513,129,176,151,211,164,138,99,133,102,208,52.431,51.662,41.869,41.34,49.092,65.192
fake,easy_139_0110.jpg,63,73,125,165,0.999223,129,161,151,193,156,130,104,127,102,190,42.202,41.11,39.623,38.833,49.092,52.086
fake,easy_13_1010.jpg,46,54,144,197,0.953432,117,167,149,204,150,130,83,135,92,208,46.69,49.578,48.021,48.918,57.14,67.186
fake,easy_140_1111.jpg,48,57,151,179,0.977253,126,154,151,193,158,126,89,128,101,196,45.222,42.521,48.877,46.325,50.09,69.029
fake,easy_141_0111.jpg,32,40,147,203,0.999276,63,153,99,201,121,120,55,120,51,199,33.956,66.731,47.539,60.0,48.042,66.0
fake,easy_142_1111.jpg,45,48,163,200,0.973326,130,181,158,207,168,125,95,124,98,206,66.888,67.676,40.608,38.21,60.008,73.007
fake,easy_143_0011.jpg,72,78,118,161,0.999822,121,170,154,196,150,129,94,140,114,203,40.361,50.22,33.734,42.012,40.608,57.07
fake,easy_144_1111.jpg,52,61,135,190,0.999492,124,165,139,206,159,146,97,128,83,188,45.804,39.825,47.011,43.658,58.822,64.56
fake,easy_145_1000.jpg,39,55,147,194,0.99983,89,176,109,220,139,150,70,131,59,206,48.847,56.356,42.426,48.332,51.923,71.568
fake,easy_146_1110.jpg,61,61,144,185,0.998389,150,181,160,201,181,147,116,135,103,191,57.201,46.011,48.052,22.361,57.871,66.098
fake,easy_147_1110.jpg,63,52,162,196,0.99272,141,157,187,181,160,113,98,145,136,207,44.643,47.927,50.249,51.884,57.245,69.771
fake,easy_148_0011.jpg,66,59,142,176,0.999922,186,159,203,179,180,109,122,133,150,200,69.08,50.359,54.562,26.249,57.009,62.769
fake,easy_149_1001.jpg,78,48,144,196,0.999599,198,164,208,187,197,119,140,137,163,204,63.977,45.011,53.151,25.08,48.104,59.775
fake,easy_14_1111.jpg,40,30,168,215,0.999571,125,172,160,194,160,110,82,118,97,201,69.029,71.197,40.311,41.34,63.388,78.409
fake,easy_150_0011.jpg,67,56,129,191,0.994138,166,167,171,197,181,133,125,124,120,192,59.414,37.162,52.355,30.414,51.245,56.719
fake,easy_151_1110.jpg,60,51,143,192,0.979443,171,170,179,195,173,127,117,139,128,206,62.266,43.046,56.08,26.249,52.173,57.271
fake,easy_152_0011.jpg,58,63,130,182,0.992097,118,173,149,203,153,139,89,134,87,201,48.6,48.795,41.773,43.139,62.032,64.195
fake,easy_153_1110.jpg,53,73,138,182,0.999902,115,183,149,208,149,146,87,146,87,208,46.4,50.249,37.537,42.202,62.0,62.0
fake,easy_154_1100.jpg,57,38,172,217,0.999999,156,163,190,205,189,122,108,123,111,205,62.482,52.631,61.555,54.037,79.0,81.006
fake,easy_155_0011.jpg,39,41,158,205,0.999985,122,162,151,203,161,121,84,120,92,202,56.639,56.586,50.0,50.22,59.008,77.006
fake,easy_156_0010.jpg,59,47,135,198,0.991005,119,166,151,197,153,126,90,126,93,198,49.406,52.498,41.231,44.553,58.009,63.0
fake,easy_157_1110.jpg,33,28,166,221,0.99607,134,160,171,187,157,104,88,121,108,200,60.308,60.539,47.707,45.804,64.327,71.063
fake,easy_158_0011.jpg,51,46,143,204,0.989389,124,162,155,198,159,121,84,125,92,199,54.489,53.907,48.918,47.508,63.008,75.107
fake,easy_159_1111.jpg,23,19,184,198,0.999921,110,116,166,157,149,80,69,105,90,178,42.45,53.075,65.146,69.405,78.848,83.815
fake,easy_15_0011.jpg,51,25,147,207,0.987972,118,146,151,183,160,110,87,108,90,183,49.041,55.317,46.4,49.578,61.0,73.027
fake,easy_160_0011.jpg,27,27,171,209,0.998799,106,135,120,194,162,132,94,91,53,153,45.607,56.08,55.973,60.638,78.549,79.404
fake,easy_161_1101.jpg,63,62,130,178,0.999757,93,173,141,197,131,133,81,140,92,202,35.114,55.172,29.017,53.666,49.254,50.488
fake,easy_162_0001.jpg,59,41,135,209,0.999971,84,159,119,199,137,130,82,117,68,190,42.048,60.415,34.886,53.151,51.788,56.515
fake,easy_163_1001.jpg,52,42,144,198,0.996382,119,163,154,196,156,119,84,120,90,197,55.444,57.489,44.688,48.104,64.008,72.007
fake,easy_164_1111.jpg,32,23,181,224,0.998047,118,169,157,199,168,123,85,113,71,189,65.0,67.941,51.078,49.204,86.579,83.6
fake,easy_165_1010.jpg,66,44,136,189,0.997844,149,148,164,188,178,129,116,113,102,174,48.104,34.67,53.712,42.72,63.561,64.031
fake,easy_166_1100.jpg,54,57,137,184,0.951206,119,170,157,190,156,132,88,130,86,186,50.606,53.038,36.674,42.942,71.113,68.029
fake,easy_167_0110.jpg,53,71,145,181,0.996279,128,190,161,209,155,140,89,153,111,220,53.759,56.824,34.482,38.079,51.196,67.268
fake,easy_168_0010.jpg,41,25,166,217,0.997095,121,150,153,192,163,114,86,107,83,185,55.444,55.317,51.662,52.802,70.349,77.318
fake,easy_169_1100.jpg,33,9,194,235,0.999889,139,149,178,184,173,87,86,105,118,196,68.884,70.711,51.478,52.402,61.188,88.843
fake,easy_16_1111.jpg,42,36,161,205,0.999457,117,158,157,191,156,112,82,117,89,196,53.907,60.308,47.202,51.856,68.184,74.169
fake,easy_170_0010.jpg,41,37,154,208,0.999654,122,161,153,191,157,119,82,122,90,195,55.866,54.672,46.69,43.139,63.127,75.06
fake,easy_171_1100.jpg,34,0,192,251,0.999904,131,134,170,183,173,87,86,86,92,182,65.795,63.032,61.847,62.626,78.006,87.006
fake,easy_172_1001.jpg,51,47,157,201,0.997384,126,164,160,195,163,121,90,130,100,202,49.518,56.727,46.043,46.011,60.407,73.553
fake,easy_173_0111.jpg,55,49,144,192,0.999171,125,167,150,201,161,123,91,122,95,196,56.4,56.851,41.725,42.202,55.227,70.007
fake,easy_174_1110.jpg,41,0,173,237,0.989582,131,143,163,182,168,96,90,95,92,180,63.127,59.816,53.759,50.448,71.028,78.006
fake,easy_175_0001.jpg,37,4,171,226,0.999695,132,121,161,167,169,85,90,78,89,161,60.108,51.624,58.728,54.378,72.25,79.31
fake,easy_176_1000.jpg,46,45,147,206,0.993493,112,167,145,201,152,125,82,123,82,200,53.254,58.0,44.598,47.381,63.008,70.029
fake,easy_177_1010.jpg,48,57,141,195,0.99634,112,163,140,210,154,137,86,129,82,206,42.802,49.396,52.431,54.708,58.138,68.469
fake,easy_178_1111.jpg,44,63,154,192,0.999727,122,177,155,224,160,145,85,147,91,224,47.634,49.679,56.303,57.428,64.0,75.027
fake,easy_179_0001.jpg,52,41,144,214,0.988911,107,167,139,207,158,132,87,120,81,197,51.078,61.855,39.699,51.225,58.856,72.007
fake,easy_17_0011.jpg,48,33,143,210,0.993692,115,157,144,198,155,115,85,113,89,196,53.254,58.0,46.872,50.22,55.036,70.029
fake,easy_180_0011.jpg,63,90,137,162,0.999891,97,183,114,229,148,171,107,151,78,212,33.526,52.393,34.67,49.041,39.812,45.618
fake,easy_181_1110.jpg,46,51,161,201,0.995976,132,172,163,206,168,125,89,128,100,209,61.522,59.203,48.918,46.011,63.071,79.057
fake,easy_182_0100.jpg,36,27,167,209,0.999951,121,141,161,183,156,98,76,114,102,193,52.479,55.444,55.362,58.0,59.841,81.584
fake,easy_183_1111.jpg,12,0,215,254,0.997271,127,131,176,178,175,73,72,78,80,181,76.381,75.286,68.622,67.897,96.047,103.121
fake,easy_184_0110.jpg,56,60,143,184,0.997828,128,163,160,198,162,119,92,122,98,201,54.562,55.606,48.415,47.424,62.073,70.064
fake,easy_185_1101.jpg,41,35,158,199,0.994312,128,136,161,180,159,104,86,113,96,186,47.885,44.553,59.363,55.0,65.276,73.553
fake,easy_186_1001.jpg,47,53,147,194,0.999989,108,174,141,201,151,136,83,126,76,194,54.12,57.385,37.736,42.638,65.376,68.731
fake,easy_187_1110.jpg,51,37,149,197,0.993109,138,142,162,188,173,115,101,114,103,187,46.4,44.204,57.009,51.884,59.008,72.007
fake,easy_188_1111.jpg,57,41,149,204,0.999996,160,155,169,205,183,125,119,115,123,198,57.28,37.802,56.727,50.804,46.53,64.777
fake,easy_189_1101.jpg,46,71,131,153,0.999979,87,160,126,186,127,120,74,121,81,187,41.11,56.569,27.659,46.872,45.011,53.009
fake,easy_18_0011.jpg,41,68,142,179,0.999957,99,168,124,208,142,139,76,131,73,201,43.566,51.865,42.012,47.17,51.478,66.483
fake,easy_190_0101.jpg,51,33,142,204,0.991583,117,148,141,192,157,122,88,113,84,184,45.453,47.707,48.836,50.12,57.559,69.584
fake,easy_191_0001.jpg,52,68,135,183,0.999467,101,181,139,204,133,136,78,143,89,213,44.418,55.218,34.176,44.418,50.804,55.444
fake,easy_192_1000.jpg,47,58,148,197,0.992323,127,179,152,211,159,134,89,134,95,211,58.898,55.218,45.255,40.608,57.0,70.0
fake,easy_193_1110.jpg,79,63,131,168,0.976562,168,168,182,188,187,129,134,129,131,188,51.74,43.382,42.059,24.413,51.0,53.0
fake,easy_194_1011.jpg,63,54,145,201,0.99754,155,181,170,213,182,141,115,135,120,212,60.959,48.26,46.755,35.341,50.01,67.268
fake,easy_195_1110.jpg,37,54,149,192,0.99841,84,172,136,195,118,124,61,139,79,209,40.224,58.822,37.336,56.859,58.694,58.941
fake,easy_196_0010.jpg,47,32,156,205,0.999673,99,153,148,180,138,103,74,119,93,193,42.202,63.411,40.447,55.946,56.515,65.97
fake,easy_197_1111.jpg,50,14,163,220,0.997856,143,147,158,186,176,104,107,97,108,182,61.612,54.203,49.497,41.785,50.16,69.354
fake,easy_198_0011.jpg,52,70,123,173,0.976073,92,186,126,211,132,141,75,141,81,210,48.104,60.208,26.401,42.202,45.011,57.0
fake,easy_199_1100.jpg,27,5,196,231,0.996754,99,151,164,173,144,86,63,102,91,191,60.803,79.057,40.792,68.622,75.186,82.565
fake,easy_19_0111.jpg,48,45,147,199,0.997138,116,163,149,197,154,121,85,121,84,197,52.202,56.639,46.69,47.381,65.0,69.0
fake,easy_1_1110.jpg,57,68,136,170,0.999997,120,159,150,193,151,132,90,131,96,193,41.037,41.11,41.617,45.343,54.0,61.008
fake,easy_200_1110.jpg,69,34,151,219,0.993549,183,165,200,193,191,109,127,125,151,206,68.819,56.569,52.01,32.757,50.695,65.97
fake,easy_201_0001.jpg,54,71,135,184,0.967623,114,186,144,213,150,143,84,140,90,213,54.918,56.08,36.125,40.361,54.0,66.068
fake,easy_202_0011.jpg,80,82,129,166,0.999703,178,179,191,208,187,142,133,152,147,215,52.479,38.079,47.508,31.78,44.553,54.918
fake,easy_203_0111.jpg,23,2,182,247,0.998046,78,160,126,200,136,103,50,105,51,198,61.717,81.32,46.615,62.482,75.027,86.023
fake,easy_204_0101.jpg,62,53,138,193,0.999807,122,167,159,192,153,124,88,137,102,201,45.343,53.009,39.446,44.654,57.706,66.287
fake,easy_205_1110.jpg,38,77,155,178,0.999853,101,193,151,200,125,137,70,163,103,222,43.139,60.926,29.069,50.488,52.802,60.836
fake,easy_206_0011.jpg,54,53,137,194,0.994651,101,180,131,210,142,137,77,132,80,208,53.666,59.414,35.0,42.426,51.039,65.192
fake,easy_207_1000.jpg,56,61,142,191,0.996273,115,177,153,201,148,130,82,141,103,209,48.836,57.428,34.176,44.944,50.636,66.91
fake,easy_208_1111.jpg,38,6,176,234,0.999924,119,152,151,195,165,107,83,106,93,193,58.412,64.351,48.549,53.6,58.034,82.006
fake,easy_209_0001.jpg,58,23,157,220,0.976136,135,163,168,192,173,119,97,118,100,195,58.898,58.138,47.424,43.932,68.066,76.007
fake,easy_20_1111.jpg,57,62,132,179,0.999559,125,172,154,202,157,134,94,135,101,202,48.27,49.679,38.419,41.725,53.0,63.008
fake,easy_210_1011.jpg,61,49,140,189,0.9647,129,158,146,197,166,128,104,114,95,186,50.606,47.634,44.045,42.544,52.173,63.561
fake,easy_211_1100.jpg,49,52,135,191,0.999917,106,162,122,204,150,139,85,120,74,189,46.957,49.649,41.869,44.944,50.289,67.72
fake,easy_212_0010.jpg,65,51,140,193,0.997439,136,164,154,201,177,137,108,121,95,186,51.313,49.092,46.53,41.146,60.877,70.831
fake,easy_213_1111.jpg,39,0,190,234,0.99999,90,122,131,177,151,84,66,78,65,171,50.12,71.868,55.009,68.6,66.272,85.212
fake,easy_214_0011.jpg,57,57,132,180,0.994906,117,166,151,192,143,120,87,132,101,198,45.343,52.839,35.777,42.802,50.359,57.271
fake,easy_215_1111.jpg,61,78,130,168,0.999245,130,183,155,204,161,145,95,145,101,205,51.662,49.041,36.401,32.65,54.009,66.0
fake,easy_216_1100.jpg,58,48,153,191,0.999982,149,148,175,192,172,115,105,119,120,196,52.697,40.224,56.08,51.108,55.145,67.119
fake,easy_217_1111.jpg,84,55,146,169,0.991799,166,139,192,178,199,109,128,112,141,181,46.615,44.598,48.877,46.872,51.088,71.063
fake,easy_218_0011.jpg,60,73,133,172,0.999779,142,193,150,215,170,157,111,150,102,207,53.009,45.607,42.379,23.409,48.662,59.414
fake,easy_219_1101.jpg,57,63,119,163,0.996861,93,161,125,192,131,132,77,129,77,191,35.777,47.802,34.0,44.553,48.01,54.083
fake,easy_21_0011.jpg,41,14,176,219,0.999952,138,136,172,182,174,99,93,99,100,182,58.258,51.624,59.666,57.201,72.0,81.0
fake,easy_220_1000.jpg,50,68,147,183,0.999662,115,166,141,209,151,136,82,137,93,209,43.932,46.861,48.301,50.249,48.0,69.007
fake,easy_221_0111.jpg,46,69,130,170,0.999945,76,165,111,200,125,134,69,130,63,198,35.693,57.983,35.468,49.497,48.042,56.143
fake,easy_222_0011.jpg,47,54,150,200,0.998951,122,180,158,202,152,135,82,143,94,208,54.489,54.083,39.598,42.19,64.281,70.456
fake,easy_223_0100.jpg,55,60,143,189,0.996897,127,174,158,202,161,140,96,134,89,194,50.606,48.083,42.942,41.773,69.462,65.276
fake,easy_224_1100.jpg,48,54,148,188,0.999994,70,157,109,198,127,122,66,124,64,199,33.242,66.888,42.426,56.586,45.011,61.033
fake,easy_225_0010.jpg,74,50,135,191,0.993156,165,157,181,193,183,121,121,122,130,196,56.223,40.249,52.402,39.395,51.088,62.008
fake,easy_226_1111.jpg,43,16,199,238,0.998716,136,155,199,168,168,92,84,126,119,202,59.54,70.661,49.98,64.327,86.925,90.62
fake,easy_227_1110.jpg,49,78,134,154,0.99925,138,168,161,187,161,125,100,132,98,192,52.345,48.765,46.648,29.833,63.198,61.4
fake,easy_228_0011.jpg,51,57,162,198,0.999888,135,182,179,206,163,126,91,147,116,223,56.223,62.61,45.188,50.12,65.253,75.0
fake,easy_229_1000.jpg,60,56,123,181,0.999711,121,173,146,199,152,133,91,134,98,201,49.204,50.606,36.235,36.069,48.042,61.008
fake,easy_22_1010.jpg,58,83,114,156,0.992428,118,166,143,194,147,142,89,137,85,191,41.012,37.643,41.4,37.537,58.078,58.215
fake,easy_230_1010.jpg,47,53,149,199,0.99745,134,173,149,210,168,136,97,126,95,202,59.816,50.249,48.6,39.925,54.589,71.701
fake,easy_231_1011.jpg,27,33,169,204,0.99948,104,138,108,199,160,141,88,101,53,168,40.311,56.08,59.169,61.131,63.135,82.365
fake,easy_232_1100.jpg,34,25,192,211,0.994987,124,134,182,159,147,83,78,131,128,196,46.098,55.946,62.129,63.159,65.46,84.054
fake,easy_233_0010.jpg,52,31,175,212,0.998005,165,152,199,177,180,92,103,121,141,200,69.318,61.847,53.666,42.202,62.394,82.28
fake,easy_234_1000.jpg,46,43,165,207,0.998264,134,169,137,215,176,148,112,115,82,186,58.31,46.957,54.708,46.098,62.177,72.007
fake,easy_235_1111.jpg,63,70,129,180,0.956671,126,177,158,197,154,138,94,144,102,204,45.967,48.01,36.125,37.736,56.436,60.299
fake,easy_236_1100.jpg,54,53,144,202,0.999855,119,181,151,208,153,134,87,137,93,210,54.406,58.009,38.949,41.869,58.034,66.068
fake,easy_237_0011.jpg,51,49,147,199,0.999381,137,173,171,192,158,121,93,136,112,206,57.489,56.08,41.4,38.949,60.638,66.708
fake,easy_238_1111.jpg,49,46,145,187,0.999988,128,152,154,194,164,110,93,107,95,188,57.009,55.317,48.836,49.396,59.304,71.063
fake,easy_239_1110.jpg,32,8,183,243,0.997519,137,158,170,187,172,95,89,97,100,189,77.621,72.069,48.27,43.932,70.029,83.024
fake,easy_23_1100.jpg,49,44,137,206,0.998411,123,152,160,189,157,123,84,125,90,188,47.434,44.688,48.836,52.326,70.007,73.027
fake,easy_240_1110.jpg,33,31,178,224,0.999898,114,166,167,182,149,109,72,126,91,198,58.0,66.888,39.408,55.362,77.666,78.854
fake,easy_24_0011.jpg,54,55,149,200,0.994475,123,185,154,214,160,142,91,139,96,215,56.036,56.727,40.361,42.45,58.009,69.065
fake,easy_25_0110.jpg,56,66,138,189,0.985303,116,183,151,208,150,141,85,144,96,212,49.82,54.037,35.228,43.012,55.145,65.069
fake,easy_26_1100.jpg,64,66,131,177,0.992439,126,168,156,194,158,135,98,131,94,190,46.4,45.967,38.833,39.699,62.129,60.133
fake,easy_27_1000.jpg,18,0,206,255,0.997243,119,142,162,191,176,86,77,85,82,190,70.803,79.906,60.605,65.192,80.006,99.005
fake,easy_28_1100.jpg,52,81,132,171,0.999362,120,176,152,201,152,140,90,138,83,199,48.415,48.166,43.566,40.608,69.029,62.032
fake,easy_29_0011.jpg,62,49,153,206,0.999853,132,179,168,206,161,123,94,137,115,215,56.639,63.063,39.812,45.0,53.759,68.447
fake,easy_2_1111.jpg,47,21,164,221,0.994841,124,140,161,189,166,106,85,104,90,187,53.075,54.037,58.009,61.4,71.028,81.025
fake,easy_30_1001.jpg,48,72,141,180,0.999281,114,173,144,208,152,134,83,133,87,208,50.606,54.452,44.204,46.098,57.0,69.007
fake,easy_31_0011.jpg,46,52,160,200,0.987647,134,158,169,186,159,110,89,120,99,198,58.898,54.12,53.151,44.822,71.021,70.711
fake,easy_32_1100.jpg,51,64,139,178,0.997227,121,153,146,199,158,127,92,117,87,192,46.228,45.222,51.74,52.355,59.414,66.753
fake,easy_33_0010.jpg,42,49,150,196,0.999953,110,170,155,191,145,118,73,139,92,205,48.27,62.682,39.357,49.659,64.537,75.0
fake,easy_34_1100.jpg,43,26,177,229,0.999495,129,167,169,192,170,119,90,117,87,190,63.411,63.127,47.885,47.17,82.024,80.025
fake,easy_35_0110.jpg,60,74,131,178,0.994729,129,191,149,214,159,146,96,146,100,214,55.803,54.083,37.014,30.48,49.0,63.0
fake,easy_36_1111.jpg,51,37,145,191,0.997592,115,159,155,174,148,108,82,112,89,179,57.428,60.745,32.802,42.72,66.189,66.121
fake,easy_37_0010.jpg,54,31,156,203,0.987839,131,150,166,174,169,101,98,96,86,168,63.285,62.008,48.466,42.438,80.225,71.176
fake,easy_38_0010.jpg,47,51,152,172,0.999843,128,143,154,181,165,108,93,109,101,182,48.795,50.931,47.434,46.043,53.009,72.007
fake,easy_39_0011.jpg,49,62,135,176,0.999851,107,155,142,186,143,122,83,120,86,185,42.438,48.836,36.62,46.755,56.009,60.033
fake,easy_3_1100.jpg,61,62,142,179,0.993736,126,163,160,197,161,126,92,133,106,202,45.343,50.931,43.829,48.083,54.231,69.354
fake,easy_40_1111.jpg,45,41,154,192,0.96756,123,140,152,183,156,105,88,102,92,180,51.662,48.104,50.606,51.865,60.075,68.066
fake,easy_41_0001.jpg,38,0,192,253,0.98853,160,155,193,173,180,76,92,98,117,195,88.73,81.492,58.728,37.59,79.12,90.708
fake,easy_42_0001.jpg,51,51,144,201,0.893026,124,178,150,201,157,131,89,130,89,201,59.405,57.428,41.881,34.713,61.0,68.007
fake,easy_43_1100.jpg,28,17,193,237,0.999113,133,158,175,184,171,100,82,113,99,196,68.015,69.34,50.99,49.396,76.942,89.944
fake,easy_44_0011.jpg,64,67,123,174,0.999175,124,176,152,201,157,137,95,138,99,200,47.802,51.088,34.655,37.537,53.009,62.008
fake,easy_45_1010.jpg,39,36,156,205,0.987457,123,155,151,186,160,112,85,109,83,186,59.666,56.727,50.606,41.773,68.0,75.06
fake,easy_46_1100.jpg,51,46,145,196,0.991318,123,165,155,194,162,128,90,122,91,188,54.203,53.759,39.408,43.186,64.281,72.25
fake,easy_47_1110.jpg,54,73,156,182,0.999273,125,181,165,209,166,140,92,139,93,207,53.413,57.983,41.231,48.826,72.028,74.007
fake,easy_48_0011.jpg,51,52,140,180,0.995843,104,152,138,189,149,118,81,116,79,185,42.72,56.4,41.4,50.249,59.135,68.029
fake,easy_49_1000.jpg,64,50,135,189,0.999838,166,148,181,197,178,120,121,118,134,196,54.083,30.463,57.689,51.245,47.011,57.035
fake,easy_4_0011.jpg,48,42,151,209,0.999771,123,168,160,191,161,129,90,124,81,181,55.0,54.452,43.966,43.566,79.63,71.176
fake,easy_50_0110.jpg,36,15,180,231,0.88746,122,164,155,192,167,105,79,108,89,195,70.605,74.202,45.277,43.278,66.068,88.051
fake,easy_51_1110.jpg,36,21,168,217,0.999989,145,149,163,186,177,113,101,103,89,177,63.655,48.166,62.61,41.146,74.545,76.655
fake,easy_52_1100.jpg,42,21,165,234,0.939522,128,172,153,205,168,121,89,121,91,204,64.203,64.815,48.918,41.4,62.008,79.0
fake,easy_53_0001.jpg,41,48,152,201,0.99813,113,155,154,186,151,119,80,118,76,186,49.578,52.345,48.27,51.4,78.0,71.007
fake,easy_54_1010.jpg,79,56,139,179,0.991214,172,183,158,213,194,157,150,128,117,189,59.237,34.059,55.326,33.106,47.508,52.697
fake,easy_55_0011.jpg,53,51,155,197,0.999951,155,155,171,197,180,120,109,115,109,195,60.959,43.012,60.959,44.944,62.032,71.176
fake,easy_56_1110.jpg,52,65,145,190,0.995242,125,179,154,209,158,138,92,138,97,209,52.631,52.631,41.037,41.725,57.0,66.0
fake,easy_58_0011.jpg,53,59,136,185,0.89048,122,158,151,197,150,127,91,130,95,197,41.773,41.773,47.434,48.6,56.0,59.076
fake,easy_59_0010.jpg,69,89,141,163,0.996876,163,186,179,229,188,172,132,155,126,215,43.841,28.653,47.011,45.88,54.818,58.523
fake,easy_5_1100.jpg,52,45,148,193,0.993804,113,167,147,195,156,125,86,121,85,189,53.339,60.108,35.609,44.045,62.29,70.114
fake,easy_60_1111.jpg,55,72,130,169,0.999586,101,159,136,193,139,130,80,135,89,198,31.89,47.802,40.804,48.795,47.265,59.211
fake,easy_61_0111.jpg,71,101,114,153,0.986233,117,191,150,211,146,159,95,159,96,213,38.833,43.186,30.414,38.588,54.037,51.0
fake,easy_62_0001.jpg,49,74,142,181,1.0,107,173,149,194,135,132,75,144,91,206,43.186,49.649,36.674,46.957,59.228,61.188
fake,easy_63_1110.jpg,32,0,216,255,0.995082,155,133,175,189,205,90,105,69,92,173,81.216,65.947,74.626,59.464,84.528,102.181
fake,easy_64_1111.jpg,45,65,141,190,0.994321,97,172,141,200,136,136,73,140,76,201,40.0,53.075,35.805,52.154,65.008,63.127
fake,easy_65_1111.jpg,58,55,137,192,0.978976,115,175,148,202,151,131,88,134,99,205,49.092,56.851,34.0,42.638,49.092,63.071
fake,easy_66_1101.jpg,62,61,140,194,0.991342,133,183,161,202,161,137,98,143,104,203,53.151,53.852,35.228,33.838,57.009,63.285
fake,easy_67_0101.jpg,60,71,124,180,0.998257,100,169,136,203,140,141,82,137,79,200,36.715,48.826,37.443,49.518,57.079,58.138
fake,easy_68_1100.jpg,47,55,144,185,0.999119,119,163,152,198,152,126,86,130,97,200,46.669,49.578,43.046,48.104,55.036,66.121
fake,easy_69_1011.jpg,70,61,129,186,0.998797,168,177,167,208,183,142,130,131,121,201,59.666,38.079,52.773,31.016,46.53,54.129
fake,easy_6_1110.jpg,59,50,136,182,0.996908,125,164,154,193,159,128,93,125,95,190,50.448,49.518,39.699,41.012,59.076,66.068
fake,easy_70_0011.jpg,30,73,143,177,0.984304,58,171,85,216,115,140,57,126,38,205,45.011,64.885,39.446,52.479,48.27,59.666
fake,easy_71_1100.jpg,0,45,165,204,0.994798,36,162,61,216,101,142,44,119,11,195,43.738,68.007,41.4,59.506,54.231,61.465
fake,easy_72_1111.jpg,66,77,134,178,0.979902,146,192,160,221,172,160,113,155,111,218,49.578,41.231,43.6,32.202,49.092,59.211
fake,easy_73_1110.jpg,65,86,124,163,0.996717,132,180,159,207,157,149,98,152,103,211,44.045,39.825,42.45,38.184,56.143,59.076
fake,easy_74_0010.jpg,43,37,153,203,0.996322,123,157,146,198,161,122,87,116,90,194,54.562,51.662,49.578,47.011,56.143,74.243
fake,easy_75_1100.jpg,64,59,145,196,0.998897,163,178,187,206,174,133,110,151,134,222,59.481,46.325,52.697,36.878,55.362,66.483
fake,easy_76_1111.jpg,41,41,155,212,0.999999,73,152,115,203,132,129,67,110,51,184,42.426,63.325,38.833,66.068,66.761,67.72
fake,easy_77_0111.jpg,51,60,125,182,0.992384,84,159,119,199,134,131,73,123,69,192,37.643,57.306,36.249,53.151,50.488,61.522
fake,easy_78_1111.jpg,67,75,125,172,0.998703,157,178,158,213,176,152,125,135,114,200,53.6,32.202,48.301,35.014,45.88,53.759
fake,easy_79_0001.jpg,49,60,148,191,0.999961,102,175,146,198,132,126,77,145,99,212,39.051,57.454,37.121,49.649,49.041,58.189
fake,easy_7_1100.jpg,55,73,138,161,0.999336,123,155,153,195,158,123,89,125,94,193,45.343,47.424,47.802,50.0,59.034,69.029
fake,easy_80_0001.jpg,50,43,140,195,0.999999,70,148,108,198,133,123,74,113,59,188,35.228,67.779,41.485,62.801,50.01,59.841
fake,easy_81_1111.jpg,42,61,151,186,0.999949,132,167,160,202,163,138,92,138,94,201,49.406,42.45,50.99,44.822,66.008,71.0
fake,easy_82_0001.jpg,63,74,142,172,0.991503,122,173,170,188,154,132,91,146,101,204,41.11,52.01,37.443,50.289,70.831,64.537
fake,easy_83_1110.jpg,53,55,137,192,0.990632,129,165,155,195,155,128,95,131,102,198,48.083,45.222,42.638,39.699,53.085,60.075
fake,easy_84_0011.jpg,39,48,168,198,0.999996,103,170,158,185,135,118,75,142,98,207,39.598,61.057,37.336,57.009,63.906,64.622
fake,easy_85_1111.jpg,64,50,132,186,0.975562,123,168,153,195,156,130,96,128,99,195,48.26,50.329,36.125,40.361,54.0,60.033
fake,easy_86_0011.jpg,58,88,134,165,0.999993,139,181,162,213,166,147,103,148,110,215,48.836,43.417,44.688,39.408,52.038,63.008
fake,easy_87_0110.jpg,51,67,130,177,0.999751,87,173,137,193,126,135,72,140,76,198,36.249,54.452,27.313,53.852,61.205,54.231
fake,easy_88_0011.jpg,56,45,141,210,0.99994,110,166,143,209,150,131,87,127,80,207,45.277,53.151,50.804,54.203,63.032,63.127
fake,easy_89_0010.jpg,48,56,124,187,0.999889,73,165,122,193,118,131,66,125,65,188,40.608,56.4,24.352,56.436,57.219,52.345
fake,easy_8_0010.jpg,45,18,160,216,0.998218,127,156,166,175,161,107,89,109,87,177,60.44,59.641,45.177,43.382,79.025,72.028
fake,easy_90_1111.jpg,56,81,126,167,0.998003,96,180,135,204,138,150,80,144,78,198,39.395,51.614,25.456,45.793,57.315,58.31
fake,easy_91_1000.jpg,89,54,151,198,0.995692,183,168,216,181,194,121,131,148,157,208,55.714,48.27,47.707,35.468,64.885,68.542
fake,easy_92_0011.jpg,51,60,148,195,0.999997,79,168,128,200,123,123,67,139,79,212,31.385,62.936,44.0,58.523,50.448,58.241
fake,easy_93_1010.jpg,55,55,138,192,0.976694,133,170,152,204,166,133,101,131,97,201,50.448,49.578,47.508,38.949,55.082,65.031
fake,easy_94_0001.jpg,48,41,150,199,0.999997,141,161,154,197,171,131,108,118,96,183,54.203,42.426,50.09,38.275,59.666,64.327
fake,easy_95_0101.jpg,51,41,150,202,0.99952,108,144,162,176,144,107,78,118,87,186,39.699,51.624,46.957,62.769,75.664,66.91
fake,easy_96_0011.jpg,61,61,138,184,0.993834,119,173,145,209,166,145,101,131,84,196,45.695,54.708,41.881,44.407,62.37,66.491
fake,easy_97_1111.jpg,50,72,140,175,0.999787,117,180,152,197,147,132,86,139,99,203,51.4,56.604,29.206,38.91,53.339,61.4
fake,easy_98_0001.jpg,51,43,150,209,0.993998,113,170,147,203,153,121,83,122,87,205,56.604,63.253,43.6,47.381,60.033,70.007
fake,easy_99_0101.jpg,67,79,139,174,0.999729,142,180,165,211,171,146,105,142,109,208,53.038,44.688,43.278,38.601,56.08,66.121
fake,easy_9_1010.jpg,51,59,142,184,0.999102,118,162,150,204,156,135,85,133,89,205,43.932,46.615,51.865,52.802,61.008,71.028
fake,hard_100_1111.jpg,71,88,119,158,0.999573,127,187,157,204,154,145,97,151,107,210,46.861,49.93,30.48,34.482,50.359,57.315
fake,hard_101_0011.jpg,53,44,142,200,0.996076,116,173,155,194,155,124,89,119,82,189,60.374,62.626,37.577,44.294,73.171,66.189
fake,hard_102_1001.jpg,53,32,154,202,0.999781,125,147,153,193,163,116,92,109,97,186,50.329,49.041,48.01,53.852,56.436,71.344
fake,hard_103_1101.jpg,60,58,146,179,0.999583,127,165,159,192,156,122,94,131,106,198,47.381,51.865,39.115,41.869,53.339,62.65
fake,hard_104_1001.jpg,53,60,140,189,0.999542,127,180,154,204,157,134,89,137,102,210,57.385,54.918,39.051,36.125,52.345,68.066
fake,hard_105_1011.jpg,68,70,125,177,0.99984,154,180,166,205,168,139,115,142,121,208,54.452,43.324,43.278,27.731,45.1,53.085
fake,hard_106_1100.jpg,64,48,125,177,0.997106,128,160,157,178,158,123,97,122,97,179,49.041,47.634,36.359,34.132,60.008,61.008
fake,hard_107_1111.jpg,35,29,174,209,0.999489,126,145,162,185,164,102,82,106,93,188,58.796,57.385,54.203,53.814,69.065,82.098
fake,hard_108_1111.jpg,49,25,166,221,0.998652,131,164,164,193,170,110,92,108,97,193,68.242,66.611,44.688,43.932,67.0,78.026
fake,hard_109_1100.jpg,52,68,126,178,0.961871,117,188,132,213,151,150,89,140,86,207,55.57,50.99,36.359,29.155,46.39,62.801
fake,hard_10_1111.jpg,40,25,159,198,0.997841,125,128,160,172,163,104,87,97,79,162,49.041,44.944,57.201,56.223,81.615,76.322
fake,hard_110_1110.jpg,54,36,141,206,0.999544,122,164,146,196,163,126,96,114,85,187,56.356,55.902,43.566,40.0,61.66,68.066
fake,hard_111_1111.jpg,71,73,125,160,1.0,131,159,165,189,159,130,101,138,110,195,36.62,40.311,41.677,45.343,55.326,58.549
fake,hard_112_1111.jpg,39,36,164,212,0.937319,110,166,149,207,155,126,79,126,85,205,50.606,60.208,46.325,56.586,64.031,76.0
fake,hard_113_0011.jpg,61,77,125,169,0.998941,121,192,141,214,158,155,98,146,93,208,51.43,52.326,32.249,29.732,48.374,60.671
fake,hard_114_1111.jpg,65,58,126,170,0.998388,127,159,152,188,157,127,98,125,100,188,44.688,43.863,39.623,38.288,52.0,59.034
fake,hard_115_1110.jpg,66,59,137,170,1.0,130,166,162,187,160,121,99,127,108,193,49.82,54.083,34.828,38.275,54.332,61.294
fake,hard_116_1101.jpg,72,72,110,144,0.996967,127,161,149,180,153,123,98,123,106,182,47.802,46.043,29.698,29.069,43.046,55.0
fake,hard_117_1110.jpg,63,51,134,192,0.998225,128,160,162,182,159,120,96,123,94,182,48.918,50.606,40.497,40.497,68.0,63.071
fake,hard_118_0111.jpg,54,24,155,209,0.995608,122,148,158,180,159,101,86,110,102,187,52.345,59.816,43.829,48.166,56.436,73.553
fake,hard_119_1100.jpg,60,61,131,170,0.999951,124,158,150,191,155,123,92,125,101,193,45.967,46.755,41.881,42.012,49.041,63.032
fake,hard_11_1100.jpg,60,82,131,170,0.992747,121,183,149,211,154,147,91,145,93,208,48.415,48.836,37.537,39.598,56.08,63.032
fake,hard_120_0011.jpg,59,64,131,174,0.972478,120,175,152,194,152,131,88,137,99,198,49.679,54.406,31.145,37.216,53.151,64.281
fake,hard_121_1100.jpg,53,40,141,174,0.998412,119,128,146,172,156,104,90,99,92,168,41.012,44.102,48.26,51.624,54.148,66.189
fake,hard_122_1100.jpg,40,26,169,212,0.999877,118,144,161,180,152,102,77,118,101,194,48.549,54.037,52.811,56.08,61.612,76.688
fake,hard_123_1111.jpg,55,61,137,179,0.998906,123,167,156,190,157,131,91,131,90,190,48.166,49.518,40.224,40.224,66.0,66.0
fake,hard_124_1100.jpg,62,52,133,177,0.992103,127,158,156,189,158,120,95,124,104,192,46.69,49.041,41.049,42.45,52.086,63.127
fake,hard_125_1100.jpg,69,53,135,179,0.999966,128,137,159,184,164,111,100,111,103,182,38.21,44.407,51.478,56.303,56.036,64.0
fake,hard_126_0111.jpg,60,44,140,183,0.993164,130,152,158,183,161,115,97,118,105,186,47.381,48.27,42.202,41.773,53.085,64.07
fake,hard_127_0011.jpg,66,70,122,162,0.992439,125,171,156,189,157,133,94,135,100,189,47.508,49.679,30.806,35.847,56.0,63.032
fake,hard_128_1111.jpg,69,52,135,166,0.998338,141,136,157,179,175,116,114,98,100,163,46.615,39.446,49.092,45.88,59.203,63.6
fake,hard_129_1111.jpg,62,86,129,165,0.997844,138,186,165,204,161,147,102,159,117,214,45.0,45.277,35.0,32.45,49.031,60.208
fake,hard_12_1101.jpg,52,78,132,169,0.997382,110,190,137,214,146,154,83,153,86,214,45.804,50.912,33.941,36.125,51.0,63.008
fake,hard_130_1111.jpg,61,91,120,139,0.987067,131,180,160,195,153,137,95,149,111,205,47.508,48.301,32.016,32.65,50.01,59.228
fake,hard_131_1000.jpg,61,81,131,174,0.999922,129,176,156,205,156,140,94,143,102,207,48.104,45.0,41.11,39.623,54.037,62.073
fake,hard_132_0111.jpg,56,82,137,173,0.872606,121,182,152,215,153,152,89,156,96,218,41.231,43.863,43.829,45.277,56.08,64.125
fake,hard_133_0001.jpg,56,61,135,182,0.999164,110,161,141,197,149,132,87,130,86,196,38.601,48.6,42.438,47.508,55.009,62.032
fake,hard_134_1100.jpg,60,65,134,165,0.999976,121,165,151,195,157,134,91,133,93,194,43.863,47.508,40.311,42.426,58.009,66.008
fake,hard_135_1101.jpg,43,56,152,197,0.999944,120,182,151,209,157,144,85,145,87,211,50.931,53.038,43.932,41.11,64.031,72.007
fake,hard_136_1101.jpg,52,50,147,188,0.99959,117,158,153,190,150,119,87,131,102,198,40.361,51.088,42.72,48.166,51.624,64.133
fake,hard_137_1001.jpg,65,55,127,183,0.996935,128,171,148,198,163,135,104,124,95,189,52.773,50.21,37.59,33.601,53.759,60.017
fake,hard_138_1101.jpg,75,98,125,157,0.972254,145,194,167,218,170,159,109,163,120,223,47.508,43.012,38.288,32.558,47.265,61.131
fake,hard_139_1011.jpg,74,64,127,169,0.999308,159,175,170,193,183,139,128,131,116,186,53.824,43.267,44.385,21.095,54.452,55.579
fake,hard_13_1111.jpg,67,64,131,182,0.995998,125,177,156,204,154,140,96,143,102,205,44.688,47.011,36.235,41.11,54.009,58.078
fake,hard_140_1111.jpg,59,97,122,150,0.999926,101,187,130,215,139,156,81,151,83,212,41.183,49.041,30.806,40.311,47.096,58.215
fake,hard_141_0100.jpg,59,52,109,152,0.965857,111,135,132,157,137,109,87,117,93,164,30.0,36.77,34.132,30.414,39.623,50.636
fake,hard_142_1110.jpg,74,65,129,172,0.995993,136,171,160,197,169,135,107,131,106,193,49.406,48.836,37.202,35.384,54.148,62.129
fake,hard_143_0100.jpg,63,70,123,158,0.999911,120,159,148,192,151,133,92,136,100,194,36.235,40.46,40.311,43.278,48.042,59.076
fake,hard_144_0011.jpg,60,51,138,191,0.997295,126,170,145,206,163,133,97,126,100,201,52.697,52.326,40.46,40.706,45.277,66.37
fake,hard_145_1100.jpg,40,69,145,163,0.997476,102,178,109,215,152,168,103,122,61,173,56.009,50.99,41.304,37.656,63.781,67.209
fake,hard_146_0110.jpg,41,52,148,183,0.996923,120,146,154,188,155,115,84,114,84,187,48.166,46.755,54.562,54.037,70.007,71.007
fake,hard_147_1111.jpg,62,80,129,166,0.999988,131,170,160,205,160,144,96,144,102,205,43.6,38.949,45.453,45.453,58.0,64.0
fake,hard_148_1010.jpg,57,60,144,189,0.992435,124,175,155,206,160,129,92,132,98,207,53.6,58.412,41.231,43.841,57.009,68.066
fake,hard_149_0011.jpg,54,33,163,213,0.996706,141,161,176,185,169,111,95,121,110,194,60.959,57.306,45.277,42.438,66.611,74.673
fake,hard_14_1111.jpg,55,54,144,193,0.98855,134,177,169,191,164,133,96,143,104,200,50.99,53.254,37.802,37.696,65.62,68.731
fake,hard_150_1000.jpg,73,88,114,158,0.999668,121,192,147,210,149,152,96,154,101,211,45.486,48.826,27.586,31.623,46.011,53.038
fake,hard_151_0101.jpg,48,42,161,213,0.988354,131,175,170,195,160,123,86,139,108,211,57.628,59.54,42.72,43.829,64.031,75.71
fake,hard_152_0111.jpg,59,50,141,188,0.960315,129,162,153,194,162,124,95,122,103,194,52.498,50.329,41.231,40.0,50.0,67.03
fake,hard_153_1011.jpg,59,40,159,206,0.957089,164,149,190,185,178,107,106,122,136,198,63.977,44.272,56.436,44.407,55.543,73.546
fake,hard_154_1100.jpg,52,68,142,187,0.996477,135,187,163,212,161,148,95,150,100,215,54.489,46.872,44.822,37.537,63.071,66.03
fake,hard_155_0010.jpg,45,45,165,206,0.999031,128,172,164,198,164,121,88,125,97,202,61.717,62.426,43.139,44.407,67.119,76.105
fake,hard_156_1111.jpg,60,65,135,182,0.981331,127,175,147,209,157,141,97,139,102,207,46.861,45.343,40.608,39.446,45.044,60.033
fake,hard_157_1111.jpg,65,87,119,158,0.999537,114,189,148,204,148,156,92,152,91,200,43.046,47.381,25.495,37.162,57.14,56.143
fake,hard_158_0011.jpg,64,69,127,162,0.999712,130,160,157,188,162,129,103,124,96,182,45.0,44.553,40.497,38.897,61.294,59.211
fake,hard_159_0100.jpg,46,41,153,207,0.999877,119,164,154,193,156,127,89,122,85,188,51.614,52.326,41.617,45.453,69.181,67.186
fake,hard_15_1111.jpg,65,88,120,155,0.998552,167,177,169,202,173,136,129,140,131,205,53.038,41.437,45.607,25.08,38.118,44.181
fake,hard_160_1111.jpg,10,15,173,221,0.999562,88,155,142,173,119,96,48,121,79,196,52.498,66.648,41.976,56.921,67.067,75.273
fake,hard_161_1100.jpg,51,81,140,174,0.995045,87,195,125,226,135,156,79,143,75,220,52.612,61.847,27.731,49.041,50.359,57.489
fake,hard_162_0010.jpg,49,53,138,189,0.997886,104,149,122,199,147,132,81,117,74,190,39.408,46.239,50.804,53.141,48.836,67.683
fake,hard_163_0011.jpg,61,49,146,201,0.996686,141,171,173,194,163,124,97,140,121,207,53.824,51.894,41.183,39.408,53.6,67.912
fake,hard_164_1000.jpg,54,57,139,170,0.991333,130,154,158,186,160,117,90,123,104,192,50.606,47.634,46.043,42.521,54.332,70.257
fake,hard_165_1000.jpg,41,64,158,186,0.999853,120,178,168,180,139,124,79,151,106,207,49.092,57.245,32.202,48.042,67.624,65.795
fake,hard_166_1110.jpg,44,59,127,162,0.997828,95,159,134,178,124,113,72,125,89,188,41.049,54.378,29.614,43.382,46.098,53.367
fake,hard_167_0011.jpg,48,58,135,189,0.973084,118,175,143,199,154,135,88,128,81,192,55.758,53.814,40.719,34.655,62.394,66.37
fake,hard_168_0011.jpg,54,80,127,163,0.999792,86,182,129,202,128,144,75,146,77,204,37.643,56.639,23.77,47.424,52.038,53.038
fake,hard_169_0111.jpg,60,61,135,179,0.999981,90,150,127,193,135,125,78,124,75,190,28.636,51.478,42.72,56.727,52.086,57.009
fake,hard_16_1111.jpg,49,68,140,178,0.995887,122,178,146,205,153,143,88,142,94,203,49.518,46.755,37.537,36.125,52.038,65.008
fake,hard_170_0111.jpg,54,51,140,194,0.999971,82,172,128,205,129,132,71,138,80,209,35.735,61.717,37.054,56.613,48.166,58.31
fake,hard_171_1101.jpg,53,56,146,199,0.925894,129,192,156,216,161,143,95,143,94,217,59.641,58.523,43.012,36.125,62.008,66.0
fake,hard_172_1100.jpg,53,40,145,195,0.998252,129,159,145,192,164,126,104,114,91,183,51.478,48.104,44.944,36.674,54.745,61.188
fake,hard_173_1110.jpg,51,59,143,185,0.990809,128,175,156,199,156,135,90,140,102,206,51.662,48.826,40.46,36.878,54.452,66.189
fake,hard_174_1111.jpg,46,23,145,200,0.98837,97,146,137,175,144,103,76,98,72,170,52.393,63.702,34.655,49.406,65.192,68.184
fake,hard_175_1100.jpg,55,31,148,210,0.998389,135,158,155,196,168,123,102,111,98,187,57.428,48.104,47.011,42.942,57.706,67.082
fake,hard_176_0011.jpg,65,77,142,175,0.996832,148,173,169,212,177,145,111,140,115,206,49.578,40.311,46.669,44.294,54.332,66.189
fake,hard_177_1011.jpg,61,52,137,194,0.985678,155,178,163,209,178,140,117,131,114,203,60.44,44.418,48.021,32.016,49.366,61.66
fake,hard_178_1001.jpg,50,46,148,202,0.989868,122,161,145,204,159,134,89,126,89,199,48.104,45.804,50.329,48.765,56.223,70.456
fake,hard_179_1111.jpg,48,76,132,178,0.992009,97,171,133,208,132,137,72,146,86,214,35.355,48.795,44.385,51.624,47.381,60.671
fake,hard_17_1010.jpg,57,54,150,192,0.999735,137,157,165,196,172,125,102,124,106,196,48.104,47.424,49.82,48.01,59.0,70.007
fake,hard_180_0011.jpg,62,72,125,176,0.997691,127,184,153,205,155,140,92,145,102,210,52.402,52.154,36.069,33.422,51.245,63.198
fake,hard_181_0001.jpg,46,53,142,197,0.994644,114,177,147,204,149,131,80,134,86,206,54.818,57.801,40.311,42.638,61.033,69.065
fake,hard_182_0011.jpg,63,74,127,175,0.994402,90,184,124,215,137,146,77,146,78,214,40.162,60.44,32.311,46.011,46.011,60.0
fake,hard_183_1101.jpg,44,44,152,202,0.998247,121,166,142,203,157,129,88,123,91,198,54.203,51.624,43.863,42.544,51.245,69.26
fake,hard_184_0011.jpg,81,48,131,190,0.9987,168,168,178,193,185,129,127,126,127,191,58.694,42.544,47.011,26.926,51.039,58.078
fake,hard_185_1100.jpg,47,75,147,179,0.998092,139,177,167,204,157,134,95,151,114,218,51.108,46.615,48.021,38.897,54.818,64.288
fake,hard_186_0011.jpg,58,88,130,165,0.978194,112,189,141,217,148,151,84,151,92,216,47.202,52.345,33.601,40.311,49.01,64.0
fake,hard_187_0100.jpg,60,52,123,180,0.998834,101,163,138,192,141,125,82,129,87,196,38.949,55.172,35.847,47.011,51.157,59.135
fake,hard_188_0100.jpg,50,64,135,187,0.999399,92,186,128,212,140,149,76,141,72,205,47.76,60.605,27.586,44.407,56.436,64.498
fake,hard_189_0011.jpg,57,57,130,167,0.999808,139,157,157,174,161,118,105,112,91,170,56.4,44.777,49.729,24.759,66.121,56.321
fake,hard_18_1111.jpg,85,72,117,174,0.958629,165,184,172,206,183,144,130,141,131,206,55.444,43.863,40.497,23.087,41.0,53.085
fake,hard_190_1111.jpg,56,64,129,183,0.997624,116,167,151,193,148,132,87,133,86,194,44.688,47.424,40.361,43.6,65.008,61.008
fake,hard_191_0011.jpg,51,43,143,185,0.999886,130,148,161,183,163,118,93,120,97,185,46.4,44.598,49.578,46.755,64.031,70.029
fake,hard_192_1111.jpg,48,70,128,180,0.999816,79,183,115,210,123,145,68,140,67,206,44.385,58.138,25.942,45.0,48.166,55.227
fake,hard_193_1111.jpg,52,56,141,197,0.999999,124,174,156,197,156,136,92,136,91,195,49.679,49.679,39.115,39.408,65.031,64.0
fake,hard_194_0110.jpg,59,50,126,181,0.999467,98,167,140,187,139,126,78,125,80,186,46.519,57.983,26.173,46.519,60.008,61.008
fake,hard_195_1000.jpg,51,43,149,196,0.999941,123,153,158,183,149,112,87,126,106,195,45.0,48.549,45.31,46.098,53.367,63.561
fake,hard_196_1101.jpg,53,20,177,234,0.987113,144,168,193,176,172,104,89,127,116,200,68.6,69.857,42.521,49.649,80.654,86.128
fake,hard_197_1100.jpg,61,30,137,196,0.989285,110,155,124,190,157,128,98,101,71,170,55.317,54.203,41.785,37.696,56.648,64.885
fake,hard_198_1100.jpg,72,81,113,156,0.999994,133,183,156,199,155,144,105,146,110,203,46.4,44.777,30.48,28.018,46.174,50.04
fake,hard_199_0011.jpg,63,47,121,166,0.993382,128,149,157,166,146,108,92,117,105,175,48.166,44.777,34.713,33.615,52.773,54.745
fake,hard_19_1111.jpg,56,31,161,202,0.997058,101,152,142,190,164,119,94,94,72,166,58.421,71.12,32.202,55.902,74.0,74.33
fake,hard_1_1111.jpg,56,25,169,218,0.99732,140,158,162,195,184,119,109,104,96,182,62.266,58.796,50.12,43.046,67.268,76.485
fake,hard_200_1111.jpg,68,41,128,178,0.999298,145,141,167,173,168,111,110,110,116,172,46.755,37.802,42.45,38.833,51.01,58.009
fake,hard_201_0100.jpg,52,69,133,178,0.999462,117,171,144,206,150,142,88,140,89,205,42.45,43.932,44.045,44.204,55.009,62.032
fake,hard_202_1101.jpg,52,29,163,212,0.999927,121,153,157,186,160,111,87,115,96,187,50.99,57.315,42.202,48.836,61.008,73.11
fake,hard_203_0010.jpg,35,63,148,192,0.999998,77,177,116,212,125,147,62,138,59,205,41.785,56.604,33.287,52.402,57.428,63.64
fake,hard_204_0011.jpg,41,19,168,216,0.998356,128,130,156,183,171,104,93,93,86,172,50.931,50.249,59.397,59.942,70.859,78.772
fake,hard_205_0011.jpg,44,35,175,207,0.99834,134,140,175,179,170,98,90,106,103,185,55.606,55.317,54.644,56.586,72.25,80.399
fake,hard_206_0001.jpg,55,74,133,178,0.996135,108,180,143,206,140,137,82,146,98,212,42.802,53.6,33.526,43.6,45.398,58.694
fake,hard_207_1100.jpg,77,51,142,196,0.99426,187,164,200,189,194,128,134,140,148,202,58.181,36.674,54.452,28.178,53.6,61.188
fake,hard_208_0001.jpg,47,45,153,209,0.999302,122,171,158,196,160,131,85,132,90,199,53.759,55.172,42.521,43.829,68.066,75.007
fake,hard_209_1011.jpg,53,73,137,182,0.997836,136,180,141,215,164,153,104,136,93,204,54.406,38.897,49.244,35.355,49.244,62.362
fake,hard_20_1111.jpg,39,42,152,186,0.999193,100,152,145,177,137,111,73,126,88,190,37.483,55.227,39.85,51.478,58.464,65.734
fake,hard_210_1100.jpg,53,65,146,190,0.989913,119,181,149,209,154,134,87,134,93,207,56.859,58.6,36.77,41.037,56.036,67.0
fake,hard_211_0110.jpg,54,43,139,200,0.999039,123,168,148,201,155,125,89,126,100,202,54.037,53.6,41.049,41.4,48.01,66.008
fake,hard_212_1101.jpg,43,64,149,164,0.999895,106,170,156,180,131,121,75,145,101,202,39.825,55.009,32.388,50.99,59.237,60.926
fake,hard_213_0101.jpg,75,65,121,158,0.999958,133,159,169,173,155,124,104,135,114,184,37.643,41.34,31.401,38.626,56.089,52.173
fake,hard_214_1011.jpg,48,62,139,178,0.989671,111,170,146,198,148,130,79,135,88,204,47.424,54.489,41.049,44.822,58.31,69.181
fake,hard_215_1101.jpg,39,60,147,183,0.999625,97,166,140,194,135,130,70,137,77,202,39.623,52.345,41.183,51.313,63.506,65.376
fake,hard_216_0111.jpg,52,59,142,191,0.99997,128,175,154,203,160,140,95,137,95,199,50.329,47.424,40.804,38.21,59.135,65.069
fake,hard_217_1100.jpg,24,0,213,245,0.997339,133,132,166,190,185,69,83,64,92,187,84.404,81.688,68.6,66.731,74.061,102.122
fake,hard_218_0100.jpg,57,65,132,180,0.992091,118,167,146,200,150,136,87,136,93,200,43.841,44.553,41.4,43.278,53.0,63.0
fake,hard_219_1101.jpg,51,33,152,206,0.992113,98,155,141,187,153,119,84,99,66,165,57.723,65.734,33.526,53.6,78.16,71.84
fake,hard_21_1101.jpg,59,63,133,182,0.993171,126,173,151,204,160,138,95,134,94,198,49.82,48.795,40.608,39.825,57.315,65.123
fake,hard_220_1111.jpg,49,78,137,166,0.991307,107,172,139,208,144,145,82,145,87,206,36.797,45.804,39.446,48.166,52.038,62.0
fake,hard_221_0101.jpg,39,53,144,192,0.999944,85,149,106,200,137,130,73,115,60,190,36.056,55.362,48.021,55.154,47.074,65.734
fake,hard_222_1001.jpg,60,69,123,161,0.988976,110,162,139,194,144,126,85,132,95,196,39.051,49.518,37.162,43.186,44.045,59.304
fake,hard_223_1111.jpg,49,63,131,179,0.990845,87,179,126,206,136,142,76,133,67,197,47.297,61.4,26.907,47.434,59.682,60.671
fake,hard_224_0111.jpg,37,60,142,185,0.98686,75,155,102,203,132,137,73,113,50,185,42.048,59.775,39.051,55.073,55.027,63.695
fake,hard_225_0011.jpg,41,68,138,185,0.999875,85,189,132,205,125,142,68,144,75,210,48.104,61.717,23.259,49.649,57.219,57.035
fake,hard_226_0100.jpg,80,61,126,186,0.997415,156,172,177,204,180,135,118,136,131,207,52.345,44.102,43.012,38.275,46.098,62.008
fake,hard_227_1100.jpg,57,78,136,164,0.989758,142,168,163,203,170,140,106,141,110,203,45.0,39.598,47.424,40.817,53.0,64.008
fake,hard_228_1111.jpg,38,46,151,201,0.995957,102,162,139,198,146,129,74,126,71,195,45.607,55.0,45.277,51.624,68.066,72.062
fake,hard_229_0100.jpg,54,73,149,170,0.999791,120,165,160,190,144,122,86,145,113,208,39.446,49.244,43.566,47.17,50.329,62.394
fake,hard_22_1111.jpg,49,47,147,199,0.991146,127,168,150,200,159,131,91,128,96,198,53.814,48.918,43.139,39.408,54.037,68.066
fake,hard_230_1110.jpg,60,76,128,172,0.99064,122,175,148,206,153,144,91,144,98,207,43.841,43.841,40.0,40.46,50.01,62.0
fake,hard_231_1111.jpg,52,59,155,181,0.999503,134,192,130,213,171,166,122,129,83,180,64.133,45.222,52.393,21.378,57.428,61.4
fake,hard_232_0001.jpg,59,62,130,178,0.998013,79,174,117,205,131,143,78,135,69,201,39.013,60.539,28.792,49.041,48.166,53.6
fake,hard_233_0010.jpg,97,47,141,191,0.999749,187,153,203,185,205,110,144,115,156,190,57.385,46.615,48.27,35.777,47.265,61.205
fake,hard_234_1100.jpg,47,46,148,196,0.997267,120,175,158,192,160,127,87,126,85,189,59.076,62.482,37.696,41.629,73.062,73.007
fake,hard_235_0001.jpg,55,81,127,169,0.999457,119,180,145,208,151,143,87,143,97,209,48.918,48.918,36.401,38.21,48.01,64.0
fake,hard_236_1001.jpg,66,69,123,174,0.998078,124,173,157,196,157,137,96,138,96,196,44.822,48.836,36.235,40.224,61.0,61.008
fake,hard_237_0010.jpg,57,65,138,188,0.998144,141,178,164,202,160,130,97,142,119,211,56.851,51.624,39.661,33.242,45.891,64.133
fake,hard_238_1000.jpg,59,92,120,151,0.999728,113,176,143,210,143,144,86,146,93,211,40.361,43.863,40.311,45.343,50.01,57.035
fake,hard_239_1000.jpg,58,62,137,179,0.999666,124,165,147,196,154,131,94,130,94,197,46.098,45.343,43.863,38.601,53.009,60.008
fake,hard_23_1110.jpg,62,59,132,186,0.988299,134,174,156,202,163,133,102,130,106,202,54.406,50.22,39.598,35.609,50.0,61.074
fake,hard_240_1101.jpg,62,75,130,175,0.99807,127,183,152,210,158,145,98,146,102,211,47.011,49.041,37.537,36.797,50.01,60.008
fake,hard_24_1100.jpg,68,80,119,158,0.999999,160,178,165,205,171,147,121,146,128,206,50.448,32.894,42.521,27.459,37.014,50.01
fake,hard_25_1111.jpg,27,51,139,184,0.99989,72,166,115,189,116,130,57,128,53,185,40.853,56.851,26.87,48.765,62.129,59.034
fake,hard_26_0011.jpg,50,57,132,177,0.999284,90,158,135,184,127,121,73,130,79,192,32.757,52.326,35.735,51.971,56.569,54.745
fake,hard_27_1111.jpg,77,66,137,177,0.999937,182,173,191,203,196,138,143,139,148,204,51.74,37.696,46.011,31.321,43.012,53.009
fake,hard_28_1111.jpg,58,90,119,142,0.999313,117,168,142,196,149,137,89,139,94,197,40.311,44.553,37.014,37.537,48.01,60.033
fake,hard_29_1111.jpg,62,69,129,176,0.995526,127,178,153,204,156,140,96,140,103,205,49.041,47.802,36.125,36.77,50.01,60.0
fake,hard_2_1111.jpg,50,61,121,170,0.999988,80,162,112,195,122,133,70,132,68,194,31.623,51.039,34.176,45.967,44.011,52.01
fake,hard_30_1101.jpg,51,22,168,233,0.952264,130,180,165,203,169,123,92,123,99,205,68.505,69.065,39.825,41.881,66.03,77.0
fake,hard_31_0011.jpg,48,51,142,191,0.998515,122,171,156,191,147,120,85,134,102,202,52.326,56.798,36.892,39.446,55.109,63.561
fake,hard_32_1111.jpg,46,77,152,178,0.999614,121,191,156,213,158,147,86,150,92,216,53.907,57.489,38.288,41.34,64.07,72.062
fake,hard_33_1011.jpg,58,54,132,179,0.993848,120,163,150,191,146,121,88,129,101,198,46.69,49.396,39.825,41.037,49.497,58.549
fake,hard_34_1111.jpg,68,80,130,169,0.992768,123,185,159,204,161,150,97,148,95,202,45.222,51.662,32.757,40.706,64.031,64.031
fake,hard_35_1111.jpg,78,66,130,178,0.999937,167,194,156,208,188,161,142,146,114,196,54.12,39.115,53.038,17.804,43.681,48.384
fake,hard_36_1101.jpg,74,85,121,155,0.999844,129,188,156,199,161,153,105,147,97,194,47.508,47.424,32.558,29.155,59.211,56.321
fake,hard_37_1111.jpg,47,47,140,191,0.999936,82,150,113,197,139,131,74,118,59,187,32.985,60.083,43.566,56.303,54.918,66.287
fake,hard_38_1110.jpg,70,68,117,172,0.995734,125,177,154,193,154,142,100,137,96,191,47.17,45.453,32.202,33.121,58.034,54.231
fake,hard_39_1111.jpg,64,92,111,144,0.996197,119,173,146,203,145,145,94,149,100,205,34.655,38.21,37.216,40.361,46.043,51.157
fake,hard_3_1111.jpg,74,69,117,162,0.997267,155,169,169,190,171,135,114,138,123,194,51.4,37.577,40.608,25.239,46.174,57.079
fake,hard_40_1111.jpg,53,36,152,219,0.998872,116,181,149,216,161,130,88,125,90,209,62.61,68.015,38.21,48.104,59.414,73.171
fake,hard_41_1111.jpg,64,83,115,151,0.994219,121,170,144,200,149,136,93,135,97,198,44.822,44.045,36.878,37.802,47.043,56.009
fake,hard_42_1111.jpg,80,71,125,173,0.999726,175,163,189,200,180,132,128,140,149,207,52.326,31.401,51.108,39.56,40.608,52.612
fake,hard_43_1111.jpg,41,0,168,243,0.990901,137,145,163,186,176,100,89,92,91,185,71.505,59.548,60.959,48.549,72.007,87.367
fake,hard_44_1111.jpg,40,29,162,208,0.964867,104,130,148,182,155,109,78,109,75,182,33.422,55.154,59.54,68.118,73.0,77.0
fake,hard_45_1111.jpg,62,52,141,189,0.999898,155,148,169,197,179,127,114,120,118,192,49.649,31.89,57.489,50.961,51.245,65.376
fake,hard_46_0011.jpg,70,71,118,158,0.996564,129,161,154,188,157,131,101,132,105,190,40.311,41.037,37.643,36.797,49.041,56.009
fake,hard_47_1100.jpg,63,59,125,167,0.820776,117,164,146,188,150,124,87,129,100,193,46.098,51.856,33.615,37.643,46.271,63.198
fake,hard_48_0011.jpg,41,35,162,217,0.999963,141,162,174,191,162,112,90,131,119,207,59.682,54.231,50.09,43.932,57.28,74.465
fake,hard_49_0010.jpg,56,36,138,189,0.992445,128,149,153,182,162,109,96,107,98,180,52.802,52.498,43.139,41.4,55.036,66.03
fake,hard_4_1111.jpg,53,79,135,168,0.997754,117,179,153,199,148,142,86,143,85,202,47.508,48.27,39.408,41.183,68.066,62.008
fake,hard_50_1101.jpg,58,59,141,188,0.999622,124,175,159,192,155,138,94,141,97,194,45.343,48.27,33.015,38.91,62.032,61.074
fake,hard_51_1111.jpg,73,57,117,170,0.997546,134,154,154,186,166,131,111,116,95,171,44.418,39.408,42.544,37.736,60.877,57.009
fake,hard_52_1111.jpg,53,59,143,186,0.997973,122,168,152,203,154,127,90,132,100,205,48.166,52.01,43.046,46.098,52.038,64.195
fake,hard_53_1100.jpg,64,34,153,187,0.99851,150,128,187,159,165,91,104,118,140,179,47.074,39.925,51.971,48.27,51.078,66.708
fake,hard_54_0001.jpg,55,66,126,154,0.996192,99,165,115,193,143,153,93,121,66,165,44.407,45.607,33.0,32.249,56.436,59.363
fake,hard_55_0011.jpg,59,69,137,186,0.971339,121,186,150,216,155,146,90,146,94,215,50.606,52.498,39.623,41.725,56.009,65.0
fake,hard_56_0100.jpg,67,64,122,172,0.999727,132,172,155,192,160,135,103,131,97,188,50.22,46.4,38.484,30.48,58.138,57.14
fake,hard_57_0110.jpg,39,42,154,208,0.999974,82,155,130,194,138,127,67,119,55,185,39.0,62.61,40.361,61.847,75.538,71.449
fake,hard_58_0001.jpg,65,46,126,165,0.999941,125,139,157,170,153,111,96,115,100,174,37.643,39.598,43.012,44.553,57.14,57.14
fake,hard_59_1110.jpg,57,57,134,187,0.995086,118,166,144,207,152,133,89,132,94,204,44.688,47.381,44.944,48.549,50.09,63.008
fake,hard_5_1111.jpg,50,41,133,185,0.955295,101,158,136,183,141,119,75,115,77,180,50.249,55.866,32.558,43.012,59.076,66.121
fake,hard_60_1111.jpg,44,33,152,193,0.998268,125,142,165,170,156,107,86,113,87,177,48.6,46.755,51.662,48.826,78.313,70.257
fake,hard_61_0011.jpg,59,45,143,190,0.993955,128,147,152,189,168,120,100,110,88,180,46.4,48.26,51.856,48.374,64.63,68.731
fake,hard_62_1010.jpg,65,101,108,136,0.999841,127,185,143,208,150,152,98,150,98,207,45.453,40.224,36.401,28.018,45.011,52.038
fake,hard_63_1101.jpg,52,67,132,188,0.991417,111,181,126,220,151,155,92,134,77,203,50.695,47.707,40.497,41.785,51.865,62.626
fake,hard_64_0010.jpg,68,76,120,169,0.99573,125,184,151,208,153,147,97,147,104,210,46.4,46.4,33.422,35.384,47.043,56.0
fake,hard_65_0101.jpg,59,50,133,182,0.991523,113,166,144,191,150,123,86,123,90,192,50.774,56.727,34.713,39.825,54.009,64.0
fake,hard_66_1111.jpg,47,33,153,219,0.997158,120,166,144,201,162,130,93,114,79,185,58.592,55.317,45.188,42.438,66.94,70.831
fake,hard_67_0001.jpg,49,53,138,192,0.981618,112,179,131,207,152,143,89,126,76,194,57.775,53.814,39.0,33.838,56.515,65.253
fake,hard_68_1100.jpg,54,50,127,187,0.971734,120,172,144,196,148,130,87,131,94,197,52.631,50.478,36.069,33.941,50.01,61.008
fake,hard_69_0011.jpg,54,58,137,185,0.961065,120,173,147,198,150,127,89,130,95,200,53.009,54.918,36.797,36.797,52.038,61.074
fake,hard_6_1110.jpg,56,61,135,173,0.999993,129,162,157,197,161,131,96,130,100,196,45.967,44.553,44.688,44.822,57.009,65.008
fake,hard_70_1100.jpg,67,81,118,162,0.996995,123,175,152,204,154,148,96,149,101,205,37.483,41.11,37.202,41.012,51.01,58.009
fake,hard_71_1100.jpg,58,52,134,181,0.989107,138,159,154,190,162,126,101,125,107,189,50.249,40.804,43.139,34.886,47.011,61.008
fake,hard_72_1100.jpg,57,92,126,156,0.996737,115,195,143,214,147,158,88,157,92,215,46.615,48.918,30.48,33.838,51.01,59.008
fake,hard_73_0011.jpg,54,60,137,193,0.999989,135,169,154,209,164,139,100,136,102,207,48.104,41.725,50.329,44.283,52.038,64.07
fake,hard_74_0011.jpg,44,62,134,172,0.995455,107,158,146,185,136,121,75,134,91,196,40.0,47.011,41.231,47.434,56.089,62.37
fake,hard_75_0011.jpg,68,99,110,142,0.998171,123,183,147,205,152,149,100,146,97,203,43.566,44.688,32.802,32.558,50.04,52.086
fake,hard_76_1100.jpg,63,51,147,186,0.977953,143,159,167,197,172,129,108,129,116,196,46.098,41.725,45.804,44.944,51.01,64.0
fake,hard_77_1100.jpg,49,37,149,195,0.997773,122,164,146,192,154,119,89,118,93,193,56.613,55.218,41.012,36.878,53.009,65.008
fake,hard_78_1101.jpg,64,76,125,144,0.999981,123,154,153,179,151,119,93,124,101,183,42.426,44.822,36.401,39.051,52.154,58.215
fake,hard_79_1110.jpg,48,49,145,197,0.999913,139,168,156,204,167,131,102,124,97,198,57.489,46.4,51.614,39.812,59.304,65.376
fake,hard_7_1111.jpg,39,7,170,228,1.0,116,143,153,187,160,90,80,90,89,185,64.07,68.884,49.93,57.489,64.031,80.0
fake,hard_80_0100.jpg,53,41,140,200,0.999516,93,158,127,193,141,126,77,120,74,188,41.231,57.689,35.511,48.795,53.235,64.281
fake,hard_81_1101.jpg,58,36,148,207,0.998639,121,156,159,186,155,116,87,123,97,192,47.381,52.498,43.267,48.415,62.29,68.359
fake,hard_82_0011.jpg,67,95,123,139,0.995754,129,173,158,201,157,140,97,145,111,205,42.521,43.278,36.715,40.311,47.17,60.208
fake,hard_83_1111.jpg,54,54,139,196,0.997803,116,168,150,207,151,131,84,135,96,210,45.967,50.931,46.519,51.74,54.083,67.119
fake,hard_84_0011.jpg,68,73,119,158,0.982382,125,178,155,191,156,136,94,139,99,194,49.82,52.202,30.529,32.696,56.08,62.073
fake,hard_85_1111.jpg,54,63,133,184,0.914711,110,181,144,199,150,141,86,135,81,192,51.884,56.569,31.016,38.471,63.388,64.281
fake,hard_86_1100.jpg,61,63,115,163,0.995668,116,161,142,186,146,122,90,121,93,184,47.707,49.204,32.527,36.069,49.041,56.009
fake,hard_87_1111.jpg,84,14,171,241,0.999371,181,165,215,199,216,116,133,119,146,204,66.483,60.216,52.402,48.083,69.181,83.054
fake,hard_88_1111.jpg,58,79,135,167,0.996316,119,188,137,216,159,165,102,142,79,192,49.041,46.141,40.2,33.287,62.769,61.465
fake,hard_89_1110.jpg,57,70,124,165,0.993629,118,179,145,197,144,136,85,142,96,200,49.578,50.249,30.414,32.45,49.092,59.304
fake,hard_8_1000.jpg,60,66,132,178,0.999708,121,175,153,202,156,138,95,133,93,199,49.396,50.931,36.878,41.869,60.075,61.205
fake,hard_90_1100.jpg,72,67,112,149,0.903352,130,168,152,185,157,132,102,133,107,187,44.822,45.0,29.833,27.803,45.044,55.009
fake,hard_91_1100.jpg,14,0,214,255,0.99997,90,157,158,187,133,92,50,118,83,211,55.866,77.936,54.452,74.324,78.746,86.977
fake,hard_92_1001.jpg,36,0,182,223,0.999752,119,131,168,157,153,69,76,86,98,172,62.241,70.711,46.065,55.471,71.589,78.854
fake,hard_93_1111.jpg,66,70,130,163,0.987613,135,169,156,199,162,135,101,136,109,199,47.381,43.417,39.699,36.62,47.0,61.008
fake,hard_94_1111.jpg,49,44,148,185,0.999548,121,150,164,166,148,109,86,124,101,182,43.6,49.092,37.736,45.88,65.0,63.789
fake,hard_95_0001.jpg,59,52,135,193,0.888716,127,174,154,202,159,130,93,130,100,202,55.606,54.406,38.897,38.897,54.0,66.0
fake,hard_96_1110.jpg,55,47,147,192,0.999221,128,153,170,176,155,114,91,128,101,188,44.654,47.434,44.204,47.885,70.036,65.513
fake,hard_97_1001.jpg,56,41,138,198,0.966311,127,158,155,194,156,119,88,127,104,200,49.82,48.6,47.885,45.607,51.352,68.469
fake,hard_98_1101.jpg,46,55,142,200,0.94158,111,180,140,209,152,144,85,134,77,201,52.839,54.562,39.962,41.012,63.506,67.742
fake,hard_99_1111.jpg,49,23,167,224,0.981755,140,164,166,194,175,117,99,119,107,196,60.877,58.6,45.967,39.699,59.034,76.026
fake,hard_9_1111.jpg,61,62,134,186,0.999252,130,173,156,204,160,130,95,133,104,206,53.151,52.431,42.012,40.46,52.038,65.069
fake,mid_100_1110.jpg,56,47,133,189,0.996262,119,156,138,195,155,129,97,119,91,187,43.046,45.0,41.773,43.382,47.676,58.856
fake,mid_101_1111.jpg,58,48,149,204,0.998209,135,159,154,204,172,133,107,120,96,194,48.01,45.222,52.402,48.847,58.856,66.287
fake,mid_102_1100.jpg,48,48,148,188,1.0,118,144,144,189,154,121,86,117,90,188,41.869,42.72,52.154,51.971,54.009,68.118
fake,mid_103_1111.jpg,48,12,159,225,0.989881,117,153,151,188,163,108,86,106,88,186,56.303,64.351,43.932,48.795,63.032,77.026
fake,mid_104_1100.jpg,58,29,148,185,0.996865,137,125,167,167,168,101,101,102,105,168,42.72,39.205,53.6,51.614,62.008,67.007
fake,mid_105_1101.jpg,55,36,146,191,0.99484,131,139,163,183,163,109,93,111,102,184,47.202,43.863,53.535,54.406,61.008,70.029
fake,mid_106_0001.jpg,53,40,134,189,0.998797,108,146,133,187,148,117,86,112,83,182,40.497,49.406,43.829,48.021,50.249,62.201
fake,mid_107_0010.jpg,63,66,125,180,0.993381,116,183,142,207,151,141,89,141,93,206,49.93,54.672,32.527,35.384,49.01,62.0
fake,mid_108_1110.jpg,60,63,127,180,0.999914,125,168,148,205,153,137,94,137,103,204,43.841,41.773,42.19,43.566,45.011,59.0
fake,mid_109_1111.jpg,68,59,127,180,0.971195,124,172,151,203,159,134,96,133,103,202,48.01,51.662,36.62,41.11,48.01,63.008
fake,mid_10_1111.jpg,43,58,153,187,0.99995,115,172,149,202,148,129,79,142,98,210,46.861,54.203,41.629,45.343,51.624,70.214
fake,mid_110_1100.jpg,56,50,136,181,0.990558,130,152,156,188,160,121,95,122,101,190,46.098,43.139,47.802,44.407,55.036,65.008
fake,mid_111_0001.jpg,60,74,121,171,0.999204,125,172,147,206,152,140,97,141,100,206,41.773,41.869,42.202,40.497,47.0,55.009
fake,mid_112_0001.jpg,55,60,130,180,0.98955,112,164,147,192,143,126,84,131,90,196,43.278,49.041,38.833,44.822,57.14,59.211
fake,mid_113_1100.jpg,74,67,127,152,0.998672,123,168,128,199,164,153,117,120,87,169,48.374,43.658,36.014,31.401,50.804,57.428
fake,mid_114_1110.jpg,56,52,138,191,0.996703,134,158,161,195,160,129,96,132,107,197,46.043,38.949,47.434,45.804,54.037,64.07
fake,mid_115_0011.jpg,48,49,151,192,0.998647,126,152,152,198,159,121,89,121,97,197,48.27,45.277,53.535,52.839,55.009,70.0
fake,mid_116_1111.jpg,62,63,133,172,0.998163,137,151,155,196,167,124,105,117,104,191,46.69,40.361,51.856,48.466,51.245,62.394
fake,mid_117_1111.jpg,54,45,158,210,0.999967,142,172,177,199,174,127,103,132,104,204,55.866,55.218,49.679,44.204,73.171,71.176
fake,mid_118_1000.jpg,79,93,102,144,0.955513,127,180,151,200,152,148,102,151,108,203,38.288,40.608,29.833,31.241,43.105,50.09
fake,mid_119_1111.jpg,71,99,115,146,0.999974,127,189,151,210,156,149,100,150,107,211,47.434,49.406,29.732,31.89,44.011,56.009
fake,mid_11_1100.jpg,50,42,150,204,0.998433,122,148,161,183,154,114,87,117,89,185,46.755,46.69,49.578,52.402,72.028,67.067
fake,mid_120_1100.jpg,55,48,137,172,0.999987,128,144,155,183,158,114,94,117,105,184,43.417,42.426,46.141,47.434,50.01,64.07
fake,mid_121_1110.jpg,48,55,145,195,0.994017,130,176,147,209,164,141,95,130,94,203,57.801,48.795,45.0,37.121,53.339,69.871
fake,mid_122_1100.jpg,59,66,132,164,0.999936,134,159,149,195,167,130,108,120,99,186,46.872,43.932,44.204,39.0,50.804,59.841
fake,mid_123_1111.jpg,57,48,138,183,0.996824,128,165,157,187,156,119,90,126,105,194,54.452,53.852,37.014,36.401,52.469,66.37
fake,mid_124_1110.jpg,53,63,142,168,0.999986,134,150,155,194,167,130,101,121,99,186,43.932,38.588,50.21,48.754,56.569,66.611
fake,mid_125_1111.jpg,44,63,141,190,0.997387,108,178,127,211,144,141,84,132,80,203,51.884,51.624,37.537,38.079,47.676,60.671
fake,mid_126_1110.jpg,58,38,142,187,0.985357,123,144,147,186,159,115,92,116,100,185,41.773,46.228,47.011,48.374,47.011,67.007
fake,mid_127_0011.jpg,38,21,168,206,0.997295,119,135,159,170,151,91,80,111,105,184,45.793,54.406,50.961,53.151,55.785,73.763
fake,mid_128_1110.jpg,48,65,134,180,0.999999,116,168,139,201,152,142,93,123,74,180,50.537,44.407,43.681,40.224,68.308,61.984
fake,mid_129_0101.jpg,57,70,130,174,0.996817,126,173,151,205,154,138,93,139,100,206,47.381,44.822,42.012,40.608,51.01,61.008
fake,mid_12_1111.jpg,60,74,125,169,0.999826,126,175,152,204,154,140,95,144,102,206,43.841,44.822,39.205,38.949,50.04,59.135
fake,mid_130_1111.jpg,73,54,115,161,0.99603,134,151,152,181,158,120,104,121,109,180,42.426,39.205,38.288,34.986,43.012,54.009
fake,mid_131_1111.jpg,45,56,149,186,0.995008,113,176,143,203,152,137,82,135,84,201,51.4,55.154,38.288,40.361,59.034,70.029
fake,mid_132_0001.jpg,62,72,129,176,0.993919,136,182,153,207,162,145,102,143,104,206,51.74,45.222,40.0,30.232,49.01,60.033
fake,mid_133_1001.jpg,58,49,130,177,0.933974,123,147,154,174,148,115,93,118,96,178,41.725,40.608,41.11,41.11,58.138,55.082
fake,mid_134_1010.jpg,46,64,155,189,0.997664,118,172,156,197,152,136,84,137,84,198,48.795,49.518,42.802,45.486,72.007,68.007
fake,mid_135_1110.jpg,64,77,124,166,0.995903,129,182,152,205,156,145,99,145,104,206,47.634,45.804,34.655,32.527,48.01,57.0
fake,mid_136_0001.jpg,61,67,116,154,0.992031,121,161,143,186,148,124,92,125,98,188,46.228,45.804,35.468,33.302,45.044,56.009
fake,mid_137_1011.jpg,60,66,124,174,0.983975,120,176,141,202,151,137,95,133,94,199,49.739,49.82,34.713,33.422,47.096,56.143
fake,mid_138_0011.jpg,56,51,139,175,0.997991,118,140,147,180,154,109,91,110,96,182,40.361,47.508,47.413,49.406,51.039,63.008
fake,mid_139_1111.jpg,69,69,118,168,0.979031,126,173,149,197,155,134,97,135,103,199,47.802,48.6,34.713,33.242,46.043,58.009
fake,mid_13_1111.jpg,56,63,147,188,0.995685,132,181,157,208,160,138,94,142,106,210,54.452,51.313,38.949,36.797,51.039,66.121
fake,mid_140_1111.jpg,60,60,145,187,0.99907,150,171,166,207,177,138,110,134,114,205,54.489,42.638,49.518,39.395,52.038,67.119
fake,mid_141_1110.jpg,66,70,126,174,0.989618,127,183,151,209,155,140,94,145,110,214,50.329,51.313,35.355,35.384,41.304,61.205
fake,mid_142_1100.jpg,60,34,128,161,0.971536,123,132,152,155,149,95,93,104,107,163,41.037,45.222,34.886,37.014,45.706,56.719
fake,mid_143_1100.jpg,60,48,143,188,0.999122,150,155,172,190,174,122,105,124,117,192,54.644,40.804,49.578,41.34,55.036,69.029
fake,mid_144_1110.jpg,54,53,150,197,0.976792,129,169,165,192,159,122,93,129,102,199,53.814,55.758,40.361,42.72,63.388,66.37
fake,mid_145_1111.jpg,58,53,136,189,0.976855,103,171,143,197,143,123,84,131,93,203,44.283,62.482,33.526,47.707,50.359,59.54
fake,mid_146_1111.jpg,77,109,101,133,0.995256,131,194,153,207,153,156,103,158,107,210,45.607,43.909,28.844,25.554,46.098,50.04
fake,mid_147_1110.jpg,63,53,125,182,0.997023,128,167,156,188,159,129,92,130,97,191,51.624,49.041,39.205,35.0,59.076,67.007
fake,mid_148_0001.jpg,59,49,130,174,0.999377,127,146,147,181,159,118,98,111,94,175,45.453,42.521,43.932,40.311,53.339,61.4
fake,mid_149_0011.jpg,37,30,144,194,0.999296,113,132,131,180,149,114,85,101,75,169,41.773,40.249,53.038,51.264,57.07,65.307
fake,mid_14_1101.jpg,67,65,132,184,0.984053,149,180,165,201,173,137,110,136,114,202,58.796,49.244,41.34,26.401,51.01,63.008
fake,mid_150_1111.jpg,57,75,133,162,0.99988,112,154,156,185,142,125,84,146,107,203,29.12,41.725,49.254,53.824,52.202,61.685
fake,mid_151_1100.jpg,42,54,153,194,0.999616,115,166,155,193,143,117,79,135,100,207,47.508,56.436,43.658,48.26,56.754,66.483
fake,mid_152_1100.jpg,56,54,135,159,0.999999,113,133,146,170,142,110,86,119,97,179,30.414,37.014,48.703,49.578,49.82,56.719
fake,mid_153_1111.jpg,49,55,140,168,0.999977,126,136,147,185,156,116,92,114,98,184,40.497,36.056,55.57,53.31,49.01,64.031
fake,mid_154_1111.jpg,56,61,135,172,0.999937,131,145,154,188,159,125,97,123,98,185,40.497,34.409,51.856,48.765,56.08,62.032
fake,mid_155_1100.jpg,61,48,133,180,0.995758,125,147,148,188,157,121,93,121,103,188,41.231,41.231,46.53,47.011,45.0,64.0
fake,mid_156_1111.jpg,51,87,102,130,0.998945,101,162,108,195,133,152,88,134,73,180,30.871,33.526,33.287,33.734,38.079,48.466
fake,mid_157_1111.jpg,60,66,133,166,0.999697,139,166,162,187,159,130,104,139,116,195,44.204,41.183,37.014,31.145,46.69,55.731
fake,mid_158_1010.jpg,70,50,129,179,0.923516,134,157,161,185,163,116,100,125,115,190,46.69,50.22,38.079,38.897,46.271,63.64
fake,mid_159_1111.jpg,64,77,128,175,0.997569,126,187,152,210,157,146,96,146,101,210,50.804,51.4,33.971,34.713,51.0,61.0
fake,mid_15_1111.jpg,64,77,129,169,0.993431,125,180,153,205,158,144,97,143,99,203,46.4,48.836,34.713,37.537,54.037,61.008
fake,mid_160_1110.jpg,61,72,120,166,0.982056,113,179,144,192,147,142,90,137,86,189,47.885,50.249,28.792,33.615,58.078,57.219
fake,mid_161_0110.jpg,82,4,173,251,0.999959,167,169,209,196,208,111,128,111,132,199,69.893,71.028,46.098,49.93,77.058,80.0
fake,mid_162_0011.jpg,69,52,125,183,0.999799,132,154,163,189,160,120,102,126,112,194,41.037,44.045,44.721,46.755,51.245,58.31
fake,mid_163_1001.jpg,64,64,125,172,0.999255,126,167,155,192,154,129,97,132,102,196,45.453,47.202,37.643,38.288,53.151,57.079
fake,mid_164_0011.jpg,63,67,130,171,0.999316,132,161,164,185,159,125,100,131,107,191,43.863,45.0,39.051,40.0,57.315,59.304
fake,mid_165_0101.jpg,57,73,129,177,0.968439,117,180,144,210,151,147,90,145,92,209,44.204,47.381,38.288,40.361,52.01,61.033
fake,mid_166_1100.jpg,57,54,122,169,0.984278,122,151,154,170,145,117,92,123,95,178,41.037,41.049,38.184,37.216,59.54,53.339
fake,mid_167_1100.jpg,127,62,106,155,0.997326,200,165,207,180,220,131,171,123,153,170,51.039,39.446,47.265,16.553,54.918,49.649
fake,mid_168_1111.jpg,60,68,126,169,0.987238,128,173,151,196,156,133,95,137,100,197,48.836,48.826,36.878,32.527,51.01,61.131
fake,mid_169_0001.jpg,68,65,126,166,0.999127,132,164,157,193,161,133,101,132,106,193,44.553,42.45,38.949,38.288,51.0,60.008
fake,mid_16_1111.jpg,52,61,145,179,0.999624,123,169,154,200,157,134,89,136,98,201,47.381,48.795,40.608,43.841,56.009,68.029
fake,mid_170_1111.jpg,59,53,145,191,0.989711,126,164,162,186,160,125,93,129,96,190,48.104,51.74,39.699,42.19,66.121,67.119
fake,mid_171_1100.jpg,51,38,146,195,0.999916,122,145,150,187,156,113,88,114,97,186,46.011,46.69,48.021,50.478,53.009,68.007
fake,mid_172_1111.jpg,45,71,151,175,0.9995,103,171,144,197,135,124,76,137,93,205,43.417,56.859,35.44,48.549,51.624,60.415
fake,mid_173_1110.jpg,64,79,126,157,0.999247,127,170,159,187,158,131,95,133,99,189,48.918,49.82,33.838,36.235,60.033,63.032
fake,mid_174_1111.jpg,54,55,134,192,0.962067,127,166,156,194,155,129,91,132,94,194,49.518,46.4,43.278,40.311,62.0,64.07
fake,mid_175_1111.jpg,68,59,134,186,0.936227,130,171,157,199,159,129,97,134,108,203,49.578,51.039,38.833,38.897,49.163,62.201
fake,mid_176_1111.jpg,61,53,131,186,0.983556,126,172,155,195,155,128,91,133,99,198,52.402,52.697,37.483,37.014,56.08,64.195
fake,mid_177_1111.jpg,58,52,143,187,0.983318,130,173,168,191,158,124,92,137,106,202,52.345,56.436,37.643,42.048,62.968,67.268
fake,mid_178_1111.jpg,56,35,141,204,0.998739,130,156,163,183,160,119,94,118,92,180,52.345,47.634,44.944,42.638,71.063,66.008
fake,mid_179_1111.jpg,62,53,137,190,0.997488,134,171,164,194,164,130,96,133,104,198,53.74,50.804,40.361,37.802,60.133,68.066
fake,mid_17_1111.jpg,39,47,153,202,0.999239,116,170,154,194,146,123,78,136,93,205,50.99,55.758,41.881,44.944,61.984,69.231
fake,mid_180_1110.jpg,68,75,122,172,0.987058,123,179,151,203,156,142,98,140,97,204,46.325,49.578,36.069,36.878,54.009,58.034
fake,mid_181_0011.jpg,54,52,133,172,0.999915,119,144,139,186,156,128,97,112,83,170,38.833,40.311,44.407,46.519,58.241,61.131
fake,mid_182_1111.jpg,60,65,134,169,0.999269,123,177,162,181,149,126,92,140,105,195,48.27,57.245,25.456,39.205,58.694,58.694
fake,mid_183_1111.jpg,62,44,140,187,0.998268,133,150,172,171,162,111,99,120,106,180,45.343,48.6,40.361,44.294,66.611,63.64
fake,mid_184_1101.jpg,60,50,128,181,0.990613,120,165,152,189,156,126,92,127,95,188,47.202,53.075,33.971,40.0,57.009,64.008
fake,mid_185_1110.jpg,57,73,132,182,0.996001,146,183,149,219,169,151,115,136,102,207,56.303,39.408,50.12,36.125,48.508,56.045
fake,mid_186_1100.jpg,62,51,134,188,0.992277,129,165,145,202,165,135,102,123,91,191,49.93,46.861,46.043,40.311,55.109,64.133
fake,mid_187_1101.jpg,59,48,135,191,0.998705,127,160,153,198,160,126,93,125,99,197,48.795,47.381,46.4,46.043,54.009,67.007
fake,mid_188_1111.jpg,52,47,146,190,0.997749,121,159,148,196,164,113,93,104,92,189,61.717,62.968,41.725,45.804,56.436,71.568
fake,mid_189_0011.jpg,50,56,143,199,0.978819,117,174,140,213,156,140,90,132,86,206,49.93,51.74,44.553,45.277,54.452,66.483
fake,mid_18_1111.jpg,39,73,153,171,0.999681,118,187,156,200,148,142,80,153,100,211,50.99,54.083,30.0,40.162,57.07,68.884
fake,mid_190_1111.jpg,51,40,142,202,0.999825,141,153,153,198,165,126,101,115,103,191,55.172,36.125,53.74,46.573,50.488,64.938
fake,mid_191_0111.jpg,63,66,133,183,0.997996,114,171,145,207,150,140,88,142,94,208,38.949,47.508,42.059,47.508,51.01,62.032
fake,mid_192_1111.jpg,49,50,146,183,0.999147,120,153,155,188,154,117,87,126,99,194,42.638,49.518,46.065,49.497,56.321,67.602
fake,mid_193_1111.jpg,59,57,128,184,0.99621,120,169,149,201,151,130,92,130,95,201,48.01,49.82,40.608,43.186,54.0,59.0
fake,mid_194_1111.jpg,46,35,149,196,0.993217,112,132,134,185,157,116,88,103,77,174,37.643,47.76,54.672,57.385,58.052,70.214
fake,mid_195_1111.jpg,47,44,159,194,0.999884,130,141,168,180,156,109,88,125,113,193,44.944,41.231,54.708,54.452,56.515,69.857
fake,mid_196_1100.jpg,76,76,126,170,0.991469,143,174,172,200,169,136,108,143,118,207,46.755,46.043,41.4,38.949,54.452,61.4
fake,mid_197_1110.jpg,44,34,175,212,0.998136,165,158,203,168,159,98,109,143,159,203,57.974,60.299,45.398,39.294,56.223,67.268
fake,mid_198_1111.jpg,62,65,133,180,0.994286,125,177,153,200,159,136,95,135,97,200,51.614,53.263,36.235,36.235,56.0,64.008
fake,mid_199_0011.jpg,47,41,154,201,0.999483,118,160,160,186,156,118,83,126,89,191,48.795,56.639,42.45,49.396,71.176,73.437
fake,mid_19_1000.jpg,54,69,129,168,0.99859,126,170,149,196,155,133,96,130,92,193,50.0,47.011,41.049,34.713,57.079,59.076
fake,mid_1_1101.jpg,62,67,132,178,0.999963,85,173,128,205,133,134,76,137,79,208,37.108,61.847,35.511,53.6,49.092,57.079
fake,mid_200_1111.jpg,47,43,156,203,0.998978,118,151,151,189,154,111,82,122,97,197,46.228,53.814,50.567,50.329,54.589,72.835
fake,mid_201_1111.jpg,72,57,123,181,0.991603,121,164,142,201,164,136,102,125,97,194,43.382,51.313,38.419,42.544,45.541,62.968
fake,mid_202_1110.jpg,43,44,146,191,0.999997,132,132,155,186,160,111,93,108,98,184,45.793,35.0,62.129,58.694,57.035,67.067
fake,mid_203_1111.jpg,68,64,128,170,0.97711,127,172,164,180,155,125,92,137,105,193,49.497,54.708,30.414,37.855,60.415,64.133
fake,mid_204_1111.jpg,59,62,141,184,0.992787,124,155,156,199,161,133,94,133,97,199,37.202,43.046,51.624,54.406,59.0,67.0
fake,mid_205_0011.jpg,51,31,152,174,0.999823,130,120,168,155,157,90,91,109,115,169,40.522,40.361,51.245,51.662,54.818,68.68
fake,mid_206_1111.jpg,63,51,133,183,0.994138,129,167,156,194,163,126,98,127,105,196,50.606,53.263,37.643,38.184,51.039,65.008
fake,mid_207_1111.jpg,59,55,140,186,0.999017,125,152,156,194,159,125,94,127,101,195,39.825,43.417,49.244,52.202,55.009,65.031
fake,mid_208_1110.jpg,59,52,140,178,0.998223,123,161,157,185,160,117,92,117,95,185,53.824,57.489,36.878,41.617,62.0,68.0
fake,mid_209_1111.jpg,60,71,126,173,0.984405,129,175,153,201,155,140,100,140,99,201,45.453,43.6,39.699,35.384,54.0,55.0
fake,mid_20_1111.jpg,47,71,148,173,0.996272,126,174,164,194,151,128,84,144,104,209,51.614,52.355,41.34,42.942,61.847,68.884
fake,mid_210_0011.jpg,50,25,164,211,0.999014,144,137,185,159,164,90,96,108,111,178,56.08,51.078,52.631,46.53,76.4,70.342
fake,mid_211_1100.jpg,62,81,121,162,0.990044,123,182,146,207,149,141,90,143,103,209,51.088,48.549,33.601,33.971,43.046,59.034
fake,mid_212_1111.jpg,68,61,122,166,0.999663,126,158,150,191,158,127,101,126,101,189,40.608,44.553,39.825,40.804,49.041,57.009
fake,mid_213_1111.jpg,60,73,124,165,1.0,119,163,142,198,152,134,93,127,91,193,44.407,43.932,41.037,41.881,51.245,59.414
fake,mid_214_1011.jpg,41,33,174,222,0.997739,144,167,177,199,180,122,96,123,95,202,65.115,57.628,60.216,45.967,82.055,84.006
fake,mid_215_0011.jpg,50,38,151,201,0.999881,122,156,158,185,157,117,88,120,93,188,49.518,52.402,43.186,46.228,65.069,69.065
fake,mid_216_1011.jpg,64,64,135,179,0.996556,137,166,164,200,166,130,103,131,108,203,48.795,46.228,47.011,43.417,56.08,63.008
fake,mid_217_1111.jpg,52,58,145,178,0.999754,118,167,157,187,147,121,85,137,105,199,44.598,54.378,34.54,43.829,53.367,64.031
fake,mid_218_1011.jpg,58,66,135,165,0.99976,129,161,159,181,161,123,97,121,92,182,51.225,49.679,42.544,36.056,67.007,64.031
fake,mid_219_1111.jpg,52,61,139,193,0.999925,125,175,155,200,158,134,92,133,92,199,53.413,52.631,40.804,39.051,63.008,66.008
fake,mid_21_0011.jpg,61,87,124,153,0.999881,103,182,135,205,141,147,87,143,85,200,42.154,51.662,25.456,39.408,50.249,54.148
fake,mid_220_0011.jpg,57,51,146,198,0.999618,132,173,160,205,164,130,94,136,108,209,53.038,53.6,43.267,42.521,52.154,70.257
fake,mid_221_1100.jpg,34,50,166,188,0.995666,125,154,169,177,146,109,78,139,113,202,49.336,49.659,49.477,49.649,61.327,74.324
fake,mid_222_1110.jpg,67,76,124,173,0.989732,128,182,160,198,157,144,96,147,99,199,47.424,47.802,33.615,35.777,61.008,61.074
fake,mid_223_1111.jpg,64,85,135,162,0.950186,116,176,150,211,158,149,96,147,88,207,35.228,49.93,41.773,48.795,62.129,62.032
fake,mid_224_1111.jpg,53,57,161,191,0.999803,133,166,173,188,152,114,89,142,126,208,50.12,55.362,42.579,45.651,51.078,68.942
fake,mid_225_0111.jpg,56,49,137,198,0.995806,130,175,154,204,159,134,93,136,102,206,53.759,50.22,41.773,37.643,52.038,66.03
fake,mid_226_1111.jpg,61,49,132,189,0.996734,128,164,156,195,162,126,95,126,100,195,50.329,50.99,41.773,41.773,56.0,67.0
fake,mid_227_1111.jpg,63,49,137,198,0.930423,117,162,138,203,158,130,94,122,93,196,46.141,52.01,41.617,46.065,45.541,64.498
fake,mid_228_1111.jpg,57,63,134,177,0.999924,123,162,156,192,156,126,95,126,94,192,45.607,48.836,41.725,44.598,62.0,61.0
fake,mid_229_1111.jpg,63,57,127,180,0.999297,128,164,153,194,156,125,101,123,101,191,49.092,48.01,38.184,39.051,52.086,55.036
fake,mid_22_1101.jpg,61,54,121,176,0.996154,113,167,147,190,144,126,87,128,92,193,46.872,51.4,33.422,41.049,55.082,57.035
fake,mid_230_1110.jpg,72,74,125,180,0.997049,131,187,165,204,161,147,100,149,100,207,49.041,50.0,36.892,38.013,65.069,61.033
fake,mid_231_1100.jpg,50,34,140,205,0.99485,123,160,153,187,155,114,85,118,94,191,56.639,56.036,42.45,40.361,59.135,70.114
fake,mid_232_1111.jpg,62,53,133,183,0.997766,129,159,164,177,159,119,96,123,99,184,48.836,50.0,39.051,39.357,65.376,63.127
fake,mid_233_1111.jpg,53,52,150,200,0.99959,135,169,159,206,168,132,99,134,109,207,50.21,49.578,46.043,44.102,50.01,69.029
fake,mid_234_0010.jpg,48,45,153,208,0.998147,124,180,157,205,159,132,84,136,96,209,59.464,59.405,40.311,41.4,61.131,75.107
fake,mid_235_1100.jpg,64,84,122,170,0.997703,126,190,147,219,154,157,96,156,102,219,45.343,43.278,37.643,35.805,45.0,58.009
fake,mid_236_1111.jpg,62,72,138,181,0.99746,140,177,167,204,166,140,102,146,112,210,49.041,45.222,43.278,38.184,55.326,64.281
fake,mid_237_1111.jpg,69,70,117,163,0.999511,125,165,151,195,153,132,100,133,104,195,40.608,43.278,36.62,39.699,47.0,53.009
fake,mid_238_1111.jpg,60,76,118,164,0.998089,121,179,151,195,146,143,89,149,94,200,43.863,43.829,34.205,34.0,57.219,57.315
fake,mid_239_1011.jpg,55,57,136,180,0.999454,119,164,159,180,144,126,87,136,94,193,42.521,45.486,38.288,43.081,66.287,57.871
fake,mid_23_1111.jpg,55,79,132,161,0.995323,100,185,139,206,137,134,79,139,90,209,50.567,63.008,26.0,44.294,49.092,58.215
fake,mid_240_1100.jpg,64,77,133,163,0.999979,135,167,158,201,166,132,102,130,102,197,49.578,46.755,44.598,41.049,56.143,64.031
fake,mid_241_1111.jpg,56,30,157,223,0.949072,134,174,160,202,169,119,98,121,108,204,64.07,65.192,39.699,38.21,52.038,71.028
fake,mid_242_1111.jpg,60,68,140,185,0.995071,125,171,152,209,162,145,96,139,95,202,43.186,45.222,43.139,46.615,57.428,66.272
fake,mid_243_0011.jpg,57,76,143,164,0.999998,126,168,151,205,160,137,95,137,100,203,43.841,46.011,43.6,44.654,51.039,65.0
fake,mid_244_1110.jpg,42,49,148,196,0.9971,122,170,143,205,162,132,92,118,82,193,60.033,55.172,46.141,40.817,62.169,71.386
fake,mid_245_1100.jpg,45,55,148,195,0.999822,109,174,133,209,155,146,88,127,73,190,51.478,53.852,39.395,42.438,62.936,69.642
fake,mid_246_0011.jpg,62,51,138,179,0.999867,128,151,129,200,168,143,113,111,88,176,42.72,40.792,47.17,49.01,47.508,63.632
fake,mid_247_1111.jpg,60,57,143,186,0.995763,125,169,156,199,161,131,94,134,103,202,46.755,52.345,39.661,43.139,53.085,67.067
fake,mid_248_0111.jpg,45,36,149,192,0.999774,130,136,147,184,163,112,90,103,95,179,51.856,40.804,55.444,50.922,52.24,73.553
fake,mid_249_1111.jpg,59,56,128,178,0.950196,113,165,146,189,149,126,89,124,88,187,47.508,53.075,33.302,40.804,58.034,60.033
fake,mid_24_1111.jpg,61,50,125,173,0.983162,117,158,146,180,147,118,90,120,93,182,46.615,50.0,33.941,36.401,53.038,57.035
fake,mid_250_1111.jpg,67,65,123,177,0.998647,127,165,143,206,160,144,102,133,97,198,40.608,39.115,44.598,44.011,46.69,59.034
fake,mid_251_1111.jpg,65,61,123,181,0.999967,132,163,156,198,157,133,99,137,110,201,42.012,39.051,43.909,42.438,46.098,58.138
fake,mid_252_1101.jpg,76,117,104,127,0.996569,127,193,146,217,152,163,103,165,113,217,36.878,39.051,27.785,30.61,33.0,49.041
fake,mid_253_0101.jpg,47,90,129,160,0.990186,118,185,141,213,147,153,86,149,86,208,48.166,43.186,39.408,36.235,55.227,61.131
fake,mid_254_1111.jpg,62,95,126,144,0.999253,127,184,152,210,155,153,99,155,107,211,40.311,41.773,33.601,36.069,45.011,56.036
fake,mid_255_0011.jpg,55,64,146,191,0.984849,132,171,165,198,163,134,94,137,94,201,50.99,48.27,48.415,42.638,71.063,69.065
fake,mid_256_1100.jpg,57,43,154,201,0.999993,129,147,156,195,170,120,95,115,96,190,46.69,49.092,54.203,55.073,60.208,75.166
fake,mid_257_1111.jpg,38,41,163,204,0.99994,119,154,159,185,156,121,82,125,86,188,47.011,49.578,47.381,50.606,73.062,74.108
fake,mid_258_1110.jpg,48,44,144,194,0.998469,124,152,159,179,156,117,86,117,88,181,51.662,47.424,46.228,44.204,71.028,70.0
fake,mid_259_1101.jpg,65,69,123,164,0.999684,126,174,148,200,155,141,99,140,106,200,43.417,43.932,32.802,34.059,42.0,56.009
fake,mid_25_1111.jpg,23,47,160,193,0.983557,95,161,109,206,146,150,86,112,47,167,49.82,52.173,48.374,47.127,73.246,71.021
fake,mid_260_1111.jpg,47,20,158,211,0.999674,133,153,163,181,162,102,93,111,109,188,58.0,58.669,42.438,41.037,54.452,69.584
fake,mid_261_1101.jpg,68,46,138,165,0.999992,140,127,160,174,173,113,110,104,106,165,37.802,35.847,50.99,51.078,54.745,63.64
fake,mid_262_1111.jpg,59,65,133,183,0.987149,126,176,148,207,157,136,95,134,103,207,52.202,50.606,38.601,38.013,45.0,62.032
fake,mid_263_1100.jpg,45,59,158,192,0.999849,123,185,142,216,164,149,92,136,80,204,57.983,54.562,47.011,36.359,63.151,73.164
fake,mid_264_1101.jpg,64,50,136,191,0.997777,132,163,154,198,164,128,101,128,104,197,46.755,47.424,44.045,41.34,50.01,63.0
fake,mid_265_1111.jpg,65,78,127,168,0.998199,138,174,164,201,166,140,102,143,109,204,47.508,44.045,41.725,37.483,55.082,64.07
fake,mid_266_1101.jpg,69,75,126,176,0.919606,134,186,163,206,158,142,98,150,113,214,50.912,50.12,35.0,35.228,50.636,60.531
fake,mid_267_1111.jpg,62,48,145,180,0.999286,132,163,164,182,166,114,96,119,106,185,56.851,59.641,34.059,37.216,58.078,70.178
fake,mid_268_0010.jpg,64,71,127,166,0.995791,126,176,149,200,159,141,98,137,99,196,48.01,48.104,33.601,33.242,50.16,61.131
fake,mid_269_1100.jpg,54,42,164,201,0.999178,117,143,158,195,165,118,89,126,95,200,32.757,54.12,61.098,66.219,63.198,76.42
fake,mid_26_1101.jpg,74,59,145,190,0.999126,168,167,176,206,194,145,133,126,117,189,53.907,34.059,55.543,39.812,61.4,63.891
fake,mid_270_0101.jpg,47,49,147,199,0.998394,126,159,156,193,158,125,89,128,95,198,48.27,46.69,49.82,45.343,61.205,69.065
fake,mid_271_1111.jpg,59,72,141,176,0.999012,132,176,154,208,170,152,105,141,95,196,44.204,44.944,42.059,38.833,60.208,65.924
fake,mid_272_1010.jpg,59,46,158,208,0.999991,140,171,173,197,167,114,96,128,117,209,61.522,63.071,44.418,42.012,57.271,72.367
fake,mid_273_1101.jpg,65,76,123,166,0.970394,128,178,149,205,155,143,99,143,106,205,45.453,44.204,34.828,34.205,43.0,56.0
fake,mid_274_1100.jpg,60,64,134,186,0.974301,124,184,152,206,157,140,94,139,96,207,54.083,55.0,36.235,35.609,56.009,63.008
fake,mid_275_1100.jpg,63,73,120,158,0.970016,127,165,155,186,150,127,95,132,101,191,45.967,44.418,36.77,35.0,54.231,55.227
fake,mid_276_0011.jpg,62,70,129,171,0.998039,128,166,153,198,157,135,98,136,103,199,42.426,42.45,41.4,40.608,50.01,59.008
fake,mid_277_1100.jpg,49,54,150,185,0.999858,125,141,153,191,162,121,91,117,91,187,41.617,42.059,57.201,57.306,62.129,71.113
fake,mid_278_1101.jpg,59,57,143,185,0.999399,133,169,157,201,168,131,98,126,98,197,55.444,51.662,44.822,40.0,59.135,70.178
fake,mid_279_1111.jpg,59,73,136,178,0.98839,127,183,157,208,161,143,95,144,99,210,50.448,52.498,38.897,39.051,58.034,66.008
fake,mid_27_1111.jpg,60,40,146,201,0.99645,141,162,174,185,170,119,102,125,107,191,53.759,51.865,44.688,40.224,67.268,68.264
fake,mid_280_1111.jpg,65,52,113,162,0.993571,121,147,143,178,149,118,97,114,95,174,40.804,40.311,37.483,38.013,48.166,52.154
fake,mid_281_1111.jpg,62,57,139,193,0.995902,123,182,153,205,158,135,94,133,97,205,56.939,58.6,34.713,37.802,56.0,64.031
fake,mid_282_1100.jpg,68,73,139,182,0.999971,154,186,165,220,180,153,121,148,123,217,50.329,42.012,43.841,35.735,42.107,59.211
fake,mid_283_0111.jpg,57,86,124,165,0.989337,112,189,138,218,141,154,83,159,98,221,41.725,45.453,34.928,38.949,40.112,58.215
fake,mid_284_1110.jpg,66,64,125,168,0.995846,130,178,147,200,160,142,102,137,103,198,49.649,46.861,33.601,27.803,44.045,58.215
fake,mid_285_1111.jpg,72,76,117,160,0.974461,120,176,147,202,152,140,97,140,103,202,42.72,48.166,31.064,37.483,44.0,55.0
fake,mid_286_1100.jpg,61,57,140,180,0.990348,116,161,153,192,153,129,87,131,94,195,41.725,48.918,40.497,48.27,59.076,66.03
fake,mid_287_0001.jpg,59,41,146,200,0.997328,133,146,155,195,168,119,100,116,105,192,44.598,44.204,53.852,53.712,50.09,68.066
fake,mid_288_1101.jpg,52,38,155,197,0.993946,133,137,162,185,166,109,95,112,105,187,45.486,43.278,57.306,56.08,57.035,71.063
fake,mid_289_1101.jpg,66,60,121,157,0.99711,122,157,151,179,156,126,96,120,92,174,45.222,46.011,34.482,36.401,59.211,60.299
fake,mid_28_1111.jpg,54,42,143,199,0.947281,125,156,158,190,156,119,91,119,94,192,50.249,48.27,47.508,47.381,64.031,65.0
fake,mid_290_1100.jpg,64,61,126,178,0.997883,128,172,152,198,157,134,98,134,100,198,48.415,47.802,38.21,35.384,52.0,59.0
fake,mid_291_1100.jpg,38,22,165,207,0.997509,127,130,159,179,167,103,88,98,89,175,50.448,48.26,58.898,58.523,70.114,79.158
fake,mid_292_1000.jpg,75,85,119,164,0.981373,148,193,157,215,172,156,119,149,110,211,52.697,44.102,42.048,23.77,47.17,53.46
fake,mid_293_1101.jpg,47,34,148,213,0.999962,111,160,129,208,162,136,93,114,75,191,49.396,56.365,47.508,51.264,56.613,72.422
fake,mid_294_1110.jpg,63,42,134,189,0.992794,127,159,150,189,162,130,100,117,89,176,49.93,45.453,41.629,37.802,62.37,63.348
fake,mid_295_0111.jpg,54,68,129,176,0.998861,109,176,133,205,149,148,89,135,79,194,45.618,48.826,34.986,37.643,55.109,61.392
fake,mid_296_1111.jpg,43,31,145,195,0.999943,102,153,125,190,143,119,77,106,74,182,53.235,53.263,40.311,43.566,51.624,67.268
fake,mid_297_0010.jpg,72,38,158,209,0.998103,169,162,200,189,183,116,118,137,145,205,56.798,48.083,49.244,41.11,57.28,68.308
fake,mid_298_0001.jpg,47,70,119,178,0.999353,67,174,99,209,112,140,60,131,57,202,43.566,56.4,29.732,47.424,42.579,52.773
fake,mid_299_1100.jpg,68,71,132,165,0.9999,134,161,164,195,165,130,101,133,109,197,43.278,43.841,43.829,45.343,55.036,64.07
fake,mid_29_1111.jpg,66,85,124,155,0.998551,126,170,151,201,156,139,98,139,103,202,41.773,43.139,39.408,39.825,48.01,58.0
fake,mid_2_1101.jpg,31,48,129,187,0.999999,56,158,80,200,111,136,58,118,38,185,40.05,59.237,32.45,48.374,44.598,55.973
fake,mid_300_0111.jpg,55,46,135,198,0.999716,78,170,120,204,124,128,71,129,73,205,41.593,62.29,35.355,54.037,47.011,53.009
fake,mid_301_0101.jpg,85,57,158,196,0.999593,170,176,207,193,187,123,126,151,158,216,50.606,55.66,41.761,40.719,54.129,67.119
fake,mid_302_1100.jpg,60,61,136,187,0.993527,158,170,163,209,178,143,119,130,114,199,55.866,33.601,52.697,39.319,50.01,60.415
fake,mid_303_1100.jpg,72,86,136,169,0.999995,159,181,175,211,181,140,120,138,119,212,58.052,46.53,50.606,34.0,56.009,61.033
fake,mid_304_1111.jpg,68,66,123,165,0.997596,133,173,162,184,158,134,101,139,104,188,46.69,46.325,32.65,31.016,58.138,57.219
fake,mid_305_1101.jpg,52,72,146,177,0.997534,125,177,156,202,155,134,89,137,96,206,53.814,52.431,41.012,39.825,60.133,66.068
fake,mid_306_1111.jpg,67,69,134,177,0.999592,116,178,158,201,150,135,92,147,109,210,39.205,54.818,32.757,47.885,49.82,59.228
fake,mid_307_1101.jpg,53,51,141,190,0.998342,126,155,154,194,158,124,94,125,96,193,43.863,44.553,48.415,48.01,58.009,64.008
fake,mid_308_1111.jpg,66,73,118,148,0.967855,128,154,149,185,154,131,100,134,107,188,34.409,34.713,39.962,37.443,42.107,54.083
fake,mid_309_1111.jpg,75,85,111,159,0.999185,132,184,155,206,156,151,103,153,109,207,42.45,40.804,32.527,31.828,46.011,53.038
fake,mid_30_1110.jpg,72,55,131,200,0.998523,167,188,172,212,185,144,124,142,123,211,62.968,47.539,49.649,24.515,49.01,61.033
fake,mid_310_0111.jpg,50,60,142,186,0.999711,128,160,157,197,157,126,91,129,98,200,48.27,44.688,50.0,47.011,59.076,66.068
fake,mid_311_0011.jpg,59,88,139,167,0.999412,145,199,172,205,165,152,103,162,111,216,55.973,51.078,38.013,27.659,61.984,62.801
fake,mid_312_1111.jpg,49,58,139,185,0.994927,102,163,140,194,142,132,78,130,75,194,40.804,50.606,41.11,49.041,65.0,64.031
fake,mid_313_1101.jpg,65,58,136,178,0.995891,135,170,166,188,161,124,98,135,110,198,50.931,52.839,37.537,35.847,56.886,63.953
fake,mid_314_1101.jpg,64,83,127,157,0.993117,115,183,147,203,147,148,90,151,97,205,40.608,47.424,28.425,37.736,50.04,57.079
fake,mid_315_1101.jpg,71,49,114,153,0.995421,125,141,152,164,152,108,101,109,104,162,40.0,42.638,29.698,35.468,48.042,51.01
fake,mid_316_1111.jpg,60,64,132,177,0.995992,133,180,158,197,159,135,98,141,109,203,52.402,51.971,33.242,30.232,49.366,61.294
fake,mid_317_1101.jpg,73,60,153,159,0.994034,166,155,203,166,171,110,120,151,166,200,46.174,45.277,45.0,38.601,50.249,65.437
fake,mid_318_1111.jpg,65,67,120,154,0.99845,125,162,149,189,156,128,97,126,98,187,45.607,46.011,36.797,36.125,51.039,59.034
fake,mid_319_1111.jpg,54,61,131,181,0.999882,119,172,137,208,154,137,91,129,93,201,51.313,49.497,38.949,40.249,44.553,63.506
fake,mid_31_1111.jpg,59,50,175,202,0.99978,132,164,184,183,157,113,95,154,138,215,38.328,56.798,51.352,55.362,56.036,74.33
fake,mid_320_1111.jpg,59,44,154,199,0.999819,125,159,160,193,160,115,91,122,105,198,50.249,56.223,43.829,48.795,55.227,69.354
fake,mid_321_1110.jpg,56,68,126,164,0.991545,103,173,134,195,141,136,82,132,83,191,46.065,53.038,26.907,38.013,51.157,59.135
fake,mid_322_1111.jpg,55,55,129,181,0.99631,95,161,127,197,137,127,77,125,80,196,40.249,54.037,38.079,48.166,47.011,60.033
fake,mid_323_1101.jpg,46,68,136,184,0.999996,124,170,146,214,155,151,94,147,95,211,37.802,36.359,50.22,49.193,51.088,61.131
fake,mid_324_1111.jpg,59,46,130,183,0.999554,110,155,132,192,150,124,92,112,84,182,46.615,50.606,37.483,43.046,49.031,59.228
fake,mid_325_0011.jpg,40,66,147,180,0.998879,111,184,149,204,139,130,79,146,102,216,49.679,60.828,33.242,42.942,48.508,62.097
fake,mid_326_1111.jpg,53,59,138,179,0.999994,126,157,156,190,160,135,92,129,91,185,44.045,40.497,44.822,44.598,65.192,68.264
fake,mid_327_0111.jpg,56,35,137,205,0.995237,114,157,139,198,157,124,91,114,85,193,48.765,54.203,46.228,48.021,54.231,66.753
fake,mid_328_0011.jpg,42,19,163,208,0.979726,133,146,125,201,174,140,117,95,75,161,53.451,41.437,59.908,55.579,64.031,72.622
fake,mid_329_1110.jpg,42,35,148,199,0.999855,114,148,152,182,140,108,80,119,96,192,44.688,47.707,47.539,50.99,56.886,61.0
fake,mid_32_1111.jpg,37,58,121,182,0.999676,69,172,94,207,114,141,61,131,55,201,41.773,54.644,32.202,43.012,39.459,53.935
fake,mid_330_1111.jpg,57,70,127,170,0.999969,101,174,128,206,142,145,83,142,86,204,36.715,50.22,33.541,41.869,42.048,59.076
fake,mid_331_0011.jpg,61,59,123,179,0.999977,80,161,118,196,126,126,76,129,75,196,32.249,57.801,35.355,51.662,43.0,50.09
fake,mid_332_1111.jpg,73,67,124,170,0.999071,165,163,176,188,178,127,125,129,123,190,52.498,38.275,49.93,27.313,53.038,53.038
fake,mid_333_1101.jpg,58,60,138,183,0.995795,110,163,152,187,138,123,82,141,107,202,35.609,48.826,39.115,48.374,47.434,58.822
fake,mid_334_1111.jpg,53,69,128,160,0.997489,116,167,148,188,145,130,86,132,90,188,46.098,47.011,33.422,38.275,58.0,59.034
fake,mid_335_1100.jpg,61,73,137,177,0.994059,138,185,167,200,156,134,99,149,119,212,53.075,54.083,33.015,32.65,49.477,58.941
fake,mid_336_1111.jpg,58,66,132,166,0.999997,134,163,151,200,160,138,104,131,105,195,43.863,36.069,43.186,40.719,46.271,56.436
fake,mid_337_1111.jpg,44,66,137,170,0.998376,114,163,153,184,146,120,79,124,82,187,52.402,53.6,40.0,44.294,71.063,67.119
fake,mid_338_1100.jpg,67,51,156,200,0.999424,141,172,182,194,178,137,107,139,109,196,47.381,50.931,40.0,46.53,73.027,71.028
fake,mid_339_1100.jpg,55,80,138,175,0.999891,135,199,156,210,162,157,101,158,99,214,53.263,49.93,39.0,23.707,57.14,61.008
fake,mid_33_1011.jpg,57,74,136,180,0.996813,124,183,151,211,155,147,90,149,101,213,48.083,47.508,37.802,38.897,50.04,65.031
fake,mid_340_1111.jpg,48,60,138,184,0.999872,100,167,143,191,140,125,76,129,84,196,44.944,58.0,33.121,49.244,59.211,64.125
fake,mid_341_1110.jpg,58,56,131,186,0.998906,119,175,147,204,154,135,90,131,92,202,52.697,53.151,38.184,40.311,55.036,64.125
fake,mid_342_1110.jpg,62,73,139,182,0.981611,142,184,167,210,165,139,100,147,117,215,55.973,50.537,39.825,36.069,50.249,65.49
fake,mid_343_1111.jpg,46,28,168,207,0.999903,133,131,124,199,178,136,118,88,76,158,45.541,45.277,63.071,68.593,63.127,76.837
fake,mid_344_0010.jpg,65,51,137,181,0.999694,142,148,148,191,175,133,120,111,98,176,43.046,36.249,52.154,43.417,52.202,59.237
fake,mid_345_1111.jpg,58,67,139,167,0.999749,124,167,157,191,151,125,91,134,106,198,46.669,49.93,35.847,40.804,51.478,60.671
fake,mid_346_0011.jpg,63,51,132,181,0.99876,115,156,130,195,160,133,102,113,85,180,44.922,50.537,38.419,41.785,47.434,61.351
fake,mid_347_0011.jpg,54,41,133,193,0.99987,88,165,117,197,137,132,77,115,67,186,51.196,59.076,29.698,43.186,51.196,62.362
fake,mid_348_1100.jpg,42,43,148,178,0.999661,104,138,112,186,154,131,97,97,65,158,41.593,50.488,43.829,48.662,54.708,66.37
fake,mid_349_1111.jpg,46,0,186,242,0.99616,152,156,155,195,193,114,115,84,90,171,80.951,58.694,63.789,39.115,69.289,83.57
fake,mid_34_1111.jpg,36,30,168,210,0.988596,128,158,167,178,149,103,81,126,111,197,56.859,58.873,42.544,43.829,59.135,71.784
fake,mid_350_0100.jpg,41,66,147,187,0.976527,94,182,135,207,134,136,69,146,83,215,43.829,60.959,34.785,48.021,52.612,65.765
fake,mid_351_0110.jpg,80,75,119,172,0.999722,158,179,168,202,178,144,120,139,115,198,55.172,40.311,47.011,25.08,53.151,58.215
fake,mid_352_1111.jpg,48,59,150,179,0.996102,135,172,145,204,173,138,111,114,83,180,62.769,50.99,52.612,33.526,66.483,66.483
fake,mid_353_0011.jpg,63,42,137,165,0.999031,156,136,185,157,161,96,106,120,144,178,52.498,40.311,43.681,35.805,46.065,60.008
fake,mid_354_1110.jpg,37,57,122,174,0.995483,71,156,93,196,121,134,69,118,51,181,38.053,54.626,32.016,45.651,44.598,54.406
fake,mid_355_1011.jpg,51,53,136,185,0.998697,86,168,132,192,128,129,73,133,81,198,37.336,57.315,30.414,51.884,51.352,55.145
fake,mid_356_1110.jpg,60,60,135,182,0.999847,129,162,157,194,164,139,101,128,88,183,44.045,41.881,46.065,42.521,69.871,63.953
fake,mid_357_0011.jpg,82,72,131,176,0.999386,148,169,165,206,179,141,121,133,116,199,45.0,41.773,43.863,40.719,49.497,58.549
fake,mid_358_1100.jpg,55,59,134,180,0.994271,122,170,149,197,154,131,89,134,99,199,48.836,50.448,37.014,38.184,50.04,65.069
fake,mid_359_1101.jpg,61,60,139,189,0.999326,137,176,160,202,164,135,103,134,102,200,54.037,49.092,42.438,34.713,58.034,61.008
fake,mid_35_1101.jpg,55,38,122,181,0.999993,83,144,114,182,129,112,73,110,73,180,35.44,56.036,37.363,49.041,41.049,56.036
fake,mid_360_1100.jpg,39,58,150,197,0.986374,111,181,143,214,150,141,79,140,83,212,52.01,55.866,41.773,45.967,60.033,71.007
fake,mid_361_0001.jpg,50,50,149,201,0.996789,126,163,159,194,158,133,89,132,91,194,48.27,43.863,46.755,45.277,68.0,69.007
fake,mid_362_1101.jpg,70,22,176,233,0.998723,167,150,202,210,209,120,127,115,126,205,53.151,51.614,68.6,69.462,76.164,82.152
fake,mid_363_1101.jpg,70,70,133,177,0.992489,151,176,172,203,171,143,114,145,120,206,48.27,38.588,43.139,34.205,52.086,57.035
fake,mid_364_1111.jpg,62,80,136,168,0.999384,133,172,169,197,160,141,97,152,108,208,41.183,41.11,43.829,43.829,61.984,63.953
fake,mid_365_1111.jpg,45,65,145,172,0.99842,121,167,161,179,144,122,84,140,97,197,45.804,50.537,38.419,41.761,66.483,62.642
fake,mid_366_1111.jpg,66,82,125,156,0.994704,130,170,162,193,155,138,96,142,104,199,44.045,40.608,38.949,39.408,58.31,59.135
fake,mid_367_0010.jpg,64,46,118,163,0.99354,110,145,143,171,144,110,89,111,91,172,39.962,48.795,33.015,42.012,52.01,55.009
fake,mid_368_0110.jpg,51,89,128,157,0.999924,75,178,112,208,112,136,65,146,78,214,33.526,55.973,36.125,47.634,34.525,48.052
fake,mid_369_1110.jpg,39,69,142,175,0.999344,82,165,125,203,126,144,66,146,65,205,24.839,48.754,43.463,57.385,60.033,60.033
fake,mid_36_1100.jpg,59,52,124,174,0.990162,125,150,150,183,151,119,95,118,94,179,43.863,40.46,42.45,41.4,56.143,56.009
fake,mid_370_1111.jpg,49,52,144,184,0.994854,119,150,154,182,153,118,89,119,87,181,43.139,46.69,44.553,47.424,67.007,64.008
fake,mid_371_0011.jpg,46,70,145,175,0.999797,88,166,136,195,133,131,70,141,77,202,30.806,57.009,37.643,56.08,59.414,63.789
fake,mid_372_0011.jpg,62,71,127,177,0.990715,125,182,148,209,154,143,94,144,103,210,49.041,48.6,35.609,35.468,45.011,60.008
fake,mid_373_1111.jpg,55,60,142,192,0.997496,130,167,163,196,158,126,91,136,103,204,49.82,49.649,45.804,43.932,60.531,67.742
fake,mid_374_0011.jpg,36,65,146,175,0.998357,94,175,143,191,123,128,65,150,87,210,38.288,55.227,35.693,51.546,59.135,62.032
fake,mid_375_1110.jpg,54,61,143,193,0.999999,125,180,151,211,159,140,94,137,98,209,53.009,52.498,39.623,40.46,53.038,65.069
fake,mid_376_0001.jpg,59,61,137,185,0.999265,134,170,152,202,165,138,104,132,101,196,48.415,44.553,42.012,36.715,51.352,61.294
fake,mid_377_0100.jpg,52,62,132,183,0.997925,107,178,141,205,144,134,83,134,87,204,50.12,57.489,32.802,43.417,54.009,61.0
fake,mid_378_1110.jpg,59,69,129,161,0.996165,123,165,148,191,151,124,91,127,102,193,49.679,49.649,35.0,36.069,46.043,60.075
fake,mid_379_1100.jpg,62,46,128,162,0.999926,107,147,142,175,144,112,83,116,87,180,39.205,50.931,38.588,44.822,55.227,61.131
fake,mid_37_1111.jpg,46,45,118,172,0.996553,81,148,114,184,119,119,66,119,69,183,32.65,47.802,37.0,48.836,45.011,53.0
fake,mid_380_1111.jpg,56,60,139,193,0.997762,121,176,141,212,165,143,97,126,83,198,55.462,55.0,43.909,41.183,59.666,70.093
fake,mid_381_1101.jpg,39,42,158,204,0.998091,108,170,143,200,148,121,74,125,87,202,56.4,63.253,38.275,46.098,56.036,74.108
fake,mid_382_0011.jpg,52,66,137,180,0.989288,109,175,150,194,141,129,81,138,93,204,46.4,56.036,33.121,45.188,57.871,60.671
fake,mid_383_1100.jpg,60,74,136,175,0.994835,131,183,161,203,155,137,96,148,115,212,49.497,51.884,33.121,36.056,46.872,60.017
fake,mid_384_0011.jpg,37,35,167,207,0.999927,138,158,174,182,158,109,87,133,118,202,56.798,52.924,48.332,43.267,59.464,74.947
fake,mid_385_1100.jpg,55,49,145,198,0.9992,146,162,171,190,169,123,102,123,102,191,58.796,45.277,52.697,37.537,69.007,67.0
fake,mid_386_1110.jpg,56,47,139,198,0.999657,122,167,152,200,156,125,86,132,97,203,50.21,54.037,43.829,44.598,55.082,70.349
fake,mid_387_1100.jpg,51,57,140,189,0.911237,115,174,140,206,152,137,86,134,93,205,49.406,52.326,38.013,40.608,47.011,66.068
fake,mid_388_1111.jpg,47,38,149,193,0.99994,123,158,148,189,157,122,90,120,94,186,50.329,49.518,40.311,39.825,54.083,67.03
fake,mid_389_1101.jpg,49,77,131,175,0.999989,108,166,129,208,145,148,87,133,80,195,39.115,41.146,40.311,46.957,50.695,59.908
fake,mid_38_1111.jpg,60,83,122,170,0.988012,122,188,147,213,150,149,91,150,98,213,49.041,48.01,34.655,35.355,49.0,59.008
fake,mid_390_0011.jpg,33,52,143,192,0.999632,77,168,88,216,130,158,75,125,46,189,43.046,53.935,37.443,49.244,49.93,64.14
fake,mid_391_1110.jpg,53,46,126,189,0.999999,116,137,145,179,144,114,85,114,86,179,38.601,36.235,51.614,51.039,59.0,59.0
fake,mid_392_1111.jpg,61,83,128,158,0.999881,125,173,157,200,152,135,95,143,106,206,42.426,46.615,38.079,41.869,51.352,57.559
fake,mid_393_1101.jpg,56,65,134,179,0.992432,123,175,155,197,156,136,89,138,93,200,50.249,51.088,39.051,38.833,62.073,67.03
fake,mid_394_1111.jpg,59,62,139,183,0.995081,130,168,158,195,158,130,98,131,100,197,48.918,47.202,41.725,38.897,58.034,60.008
fake,mid_395_1110.jpg,53,56,137,186,0.999551,116,177,142,205,160,142,91,128,81,190,55.009,56.223,37.336,38.21,62.817,70.406
fake,mid_396_1011.jpg,58,60,135,186,0.994367,131,169,157,201,157,134,96,135,103,202,48.795,43.6,43.278,41.231,54.009,61.008
fake,mid_397_1111.jpg,53,79,121,151,0.999944,107,172,136,193,135,136,82,145,93,201,36.797,45.607,32.202,35.805,43.738,53.759
fake,mid_398_0011.jpg,62,82,124,164,0.99825,118,180,140,208,157,148,99,134,87,196,49.769,50.448,34.886,35.609,54.342,59.666
fake,mid_399_0011.jpg,67,53,134,196,0.993884,125,177,154,201,158,132,97,131,99,200,53.852,55.803,34.713,37.643,55.009,61.008
fake,mid_39_1111.jpg,27,6,186,249,0.999352,113,169,158,198,154,103,71,112,89,205,70.803,77.698,43.267,53.535,69.354,83.487
fake,mid_3_1100.jpg,57,67,139,181,0.998947,134,178,164,198,163,135,94,139,99,201,55.866,51.865,41.881,36.056,65.069,69.116
fake,mid_400_0011.jpg,54,54,137,190,0.999928,122,169,150,199,154,130,89,132,96,201,49.578,50.448,41.231,41.037,54.037,65.031
fake,mid_401_0111.jpg,73,62,130,181,0.999087,165,173,178,197,181,133,125,130,123,196,58.728,43.081,47.885,27.295,55.009,56.08
fake,mid_402_0011.jpg,44,59,147,183,0.999688,97,152,148,176,137,110,73,115,77,181,44.102,58.0,35.228,56.365,71.176,64.195
fake,mid_403_1111.jpg,62,47,131,187,0.988292,131,163,161,180,164,126,97,126,96,182,50.249,49.578,39.825,34.482,65.031,67.0
fake,mid_404_0011.jpg,60,79,129,167,0.999443,130,176,150,209,158,145,98,145,105,209,44.553,41.773,41.4,38.588,45.0,60.0
fake,mid_405_0011.jpg,77,53,128,183,0.973375,162,162,181,187,177,123,116,132,131,195,54.918,41.785,45.277,31.401,50.636,61.66
fake,mid_406_0011.jpg,57,61,135,180,0.999999,146,180,147,207,169,149,117,135,104,197,53.535,38.601,45.31,27.019,44.147,53.852
fake,mid_407_1111.jpg,48,61,136,181,0.999595,85,184,131,199,123,135,67,138,77,203,49.396,62.008,20.616,48.384,54.148,56.08
fake,mid_408_1111.jpg,32,40,164,203,0.99418,120,159,151,190,155,104,82,107,90,192,64.405,65.192,44.598,43.841,61.033,73.062
fake,mid_409_1101.jpg,56,61,136,183,0.999892,129,170,157,194,157,133,94,138,99,198,47.424,46.4,41.037,36.878,58.138,63.198
fake,mid_40_1111.jpg,63,65,128,170,0.999062,125,172,153,195,156,127,93,128,101,196,54.406,54.644,33.941,36.235,52.01,63.008
fake,mid_410_1111.jpg,52,65,145,169,0.999993,151,164,166,199,176,133,115,125,111,194,53.075,39.825,50.0,38.079,55.227,61.522
fake,mid_411_1111.jpg,57,45,147,209,0.989354,124,173,157,204,158,131,92,131,96,204,52.802,54.037,41.773,45.277,61.0,66.0
fake,mid_412_0011.jpg,56,60,136,183,0.999814,128,162,152,198,162,142,98,127,84,180,46.098,39.446,47.539,43.267,70.342,65.734
fake,mid_413_1111.jpg,59,55,141,186,0.997195,128,169,140,208,166,146,110,125,88,187,47.539,44.418,43.863,40.804,56.08,59.808
fake,mid_414_0011.jpg,65,68,131,166,0.999961,150,161,170,185,169,128,109,134,117,190,49.092,38.079,43.932,31.241,53.235,60.299
fake,mid_415_1111.jpg,55,73,130,170,0.998138,104,166,139,197,139,132,80,135,86,199,39.205,48.795,37.59,46.755,53.038,59.076
fake,mid_416_1111.jpg,55,64,131,181,0.99733,132,172,158,192,155,131,94,136,97,196,52.345,47.011,42.438,32.802,61.131,61.205
fake,mid_417_1111.jpg,51,43,148,211,0.992542,152,183,160,203,178,137,113,132,97,197,64.203,52.839,56.754,21.541,63.285,65.192
fake,mid_418_1101.jpg,58,64,129,178,0.987215,115,175,143,200,148,133,85,133,90,202,51.614,53.413,36.797,37.537,53.038,63.0
fake,mid_419_0011.jpg,40,31,171,219,0.999408,130,151,152,201,171,133,94,122,90,190,46.228,44.777,55.866,54.626,62.968,77.782
fake,mid_41_1111.jpg,48,92,126,149,0.99895,76,184,123,199,103,137,59,158,86,216,31.064,54.203,33.526,49.336,40.719,48.754
fake,mid_420_1101.jpg,52,78,142,171,0.99999,104,177,150,195,139,138,78,152,90,208,36.069,52.402,34.015,49.396,61.392,62.586
fake,mid_421_0011.jpg,46,73,130,158,0.998999,94,163,132,189,136,125,75,122,72,185,45.188,56.639,31.113,46.043,60.133,61.074
fake,mid_422_0011.jpg,56,65,122,168,0.929035,118,163,136,195,148,138,88,132,91,191,43.139,39.051,38.897,36.715,45.177,60.299
fake,mid_423_1101.jpg,46,49,146,194,0.999641,114,164,155,187,141,117,79,133,98,200,46.755,54.203,39.395,47.011,58.464,64.031
fake,mid_424_1111.jpg,58,56,138,179,0.999244,130,172,154,196,160,131,99,132,103,195,50.606,50.804,35.468,33.941,51.01,61.008
fake,mid_425_1111.jpg,49,66,145,183,0.999661,131,177,159,206,162,140,94,141,98,206,51.624,48.27,43.932,40.311,61.0,68.007
fake,mid_426_1111.jpg,57,56,129,185,0.997881,119,168,139,205,151,137,89,133,95,202,46.098,44.553,41.617,42.059,44.102,62.129
fake,mid_427_1010.jpg,49,73,120,165,0.995366,81,179,123,200,119,140,67,138,75,199,43.324,54.452,20.881,46.957,48.01,52.038
fake,mid_428_0001.jpg,54,44,132,186,0.996525,125,157,146,192,157,123,91,120,98,191,50.249,46.69,43.417,40.817,48.01,66.068
fake,mid_429_1110.jpg,60,78,140,175,0.999127,135,181,165,211,160,144,98,154,114,218,45.804,44.654,42.544,42.426,51.478,62.801
fake,mid_42_1111.jpg,55,79,129,159,0.999592,103,178,150,188,123,129,80,158,114,212,30.48,52.924,35.735,48.052,43.267,51.865
fake,mid_430_1111.jpg,60,55,142,188,1.0,139,160,157,202,170,132,106,121,103,195,51.088,41.773,50.21,45.695,54.452,64.938
fake,mid_431_0001.jpg,50,58,132,186,0.998787,92,180,123,208,134,138,73,133,75,205,50.695,59.397,30.232,41.773,48.094,61.205
fake,mid_432_1111.jpg,44,52,146,169,0.957196,88,125,115,179,144,111,77,101,61,171,26.401,57.723,53.339,60.374,54.589,67.742
fake,mid_433_0011.jpg,45,55,147,194,0.997988,113,168,142,202,152,129,85,130,87,200,47.202,55.154,41.231,44.688,55.036,67.007
fake,mid_434_1110.jpg,52,51,143,185,0.999532,87,153,130,184,129,115,75,124,84,193,31.385,56.639,40.112,53.009,46.872,54.745
fake,mid_435_1111.jpg,67,63,133,181,0.999997,146,175,169,201,170,133,110,137,118,205,52.345,48.374,41.037,34.713,51.157,60.133
fake,mid_436_1111.jpg,55,90,129,153,0.999413,110,177,144,200,137,139,84,150,99,209,37.483,46.615,33.838,41.049,45.891,54.129
fake,mid_437_1101.jpg,59,50,126,173,0.999982,128,148,150,179,157,121,97,118,96,176,43.139,39.623,42.521,38.013,54.083,60.075
fake,mid_438_0010.jpg,53,59,138,175,0.977098,116,158,149,187,145,123,86,127,93,191,43.139,45.453,40.224,43.932,56.143,59.135
fake,mid_439_1000.jpg,57,66,132,176,0.982831,115,172,139,203,156,136,92,127,88,196,50.537,54.562,36.125,39.205,51.478,64.63
fake,mid_43_1111.jpg,45,58,140,196,0.99659,85,172,128,204,129,128,69,132,78,208,43.081,62.225,36.674,53.6,50.16,60.133
fake,mid_440_0101.jpg,48,42,156,201,0.999595,124,154,146,199,169,137,98,109,77,174,51.971,48.104,51.078,50.09,73.389,76.322
fake,mid_441_0011.jpg,68,93,127,160,0.997891,137,183,168,201,158,144,103,157,116,213,42.802,44.294,36.62,35.847,53.367,56.515
fake,mid_442_0111.jpg,57,75,149,170,0.997779,114,177,166,188,134,129,88,165,127,218,28.636,52.0,43.012,53.151,49.204,58.412
fake,mid_443_0011.jpg,64,52,139,188,0.997598,129,173,156,199,167,135,98,132,98,196,51.4,53.74,38.601,37.483,58.078,69.065
fake,mid_444_1111.jpg,67,70,125,168,0.999141,128,168,153,199,159,138,99,138,102,197,41.725,43.139,38.949,39.825,51.039,60.0
fake,mid_445_1111.jpg,56,64,163,183,0.996584,124,160,174,182,150,120,89,156,122,211,35.228,47.707,51.039,54.626,59.54,70.831
fake,mid_446_0011.jpg,74,67,118,169,0.985141,167,157,173,195,177,129,123,125,128,193,54.406,29.732,53.075,38.471,45.044,54.148
fake,mid_447_0011.jpg,49,65,144,183,0.999998,93,164,134,197,135,126,73,131,82,200,38.588,56.639,37.643,52.631,52.086,62.201
fake,mid_448_0011.jpg,68,89,126,159,0.999487,153,178,169,208,171,157,115,156,119,207,43.909,27.659,44.688,34.0,50.01,56.009
fake,mid_449_1111.jpg,60,58,136,183,0.975692,135,163,163,193,161,124,100,127,106,196,50.21,46.872,43.932,41.037,57.079,61.074
fake,mid_44_1111.jpg,73,63,124,168,0.999858,137,164,164,187,162,128,103,134,113,192,45.343,43.829,36.878,35.468,51.245,59.304
fake,mid_450_1101.jpg,60,79,132,171,0.999906,130,183,154,212,161,144,99,142,103,209,51.4,49.82,37.483,37.643,51.088,62.032
fake,mid_451_1111.jpg,54,60,126,176,0.994832,99,164,133,198,138,128,79,132,87,201,37.736,53.075,38.897,48.083,46.098,59.135
fake,mid_452_1111.jpg,55,81,137,173,0.999383,138,175,157,211,164,145,102,141,103,208,49.518,39.699,48.104,40.706,54.083,62.129
fake,mid_453_1111.jpg,65,65,120,189,0.921124,95,179,143,203,134,134,82,145,95,211,36.401,59.548,32.0,53.666,48.662,53.151
fake,mid_454_1111.jpg,86,50,136,182,0.99951,183,153,210,172,184,111,128,138,159,196,57.009,42.012,49.244,33.015,56.365,62.169
fake,mid_455_0101.jpg,56,0,157,226,0.941019,138,151,169,168,178,94,99,89,94,164,73.246,69.635,45.88,35.355,75.107,79.158
fake,mid_456_1111.jpg,63,77,128,169,0.998974,124,179,157,197,145,133,92,148,112,209,44.553,50.567,32.311,37.59,46.573,55.082
fake,mid_457_1100.jpg,60,25,162,220,0.987084,164,150,183,187,191,107,120,109,123,190,60.141,50.774,57.28,41.593,60.075,71.028
fake,mid_458_1111.jpg,51,65,132,176,0.996048,114,170,148,197,139,129,82,141,101,206,43.186,48.021,38.275,43.417,47.854,58.249
fake,mid_459_1001.jpg,54,63,134,177,0.984694,121,175,159,182,144,127,86,144,102,199,46.755,53.226,30.61,38.639,59.481,60.44
fake,mid_45_0010.jpg,56,81,129,162,0.999445,120,181,149,201,149,144,90,147,97,204,45.343,47.011,32.527,35.228,52.086,59.076
fake,mid_460_1111.jpg,62,83,128,160,0.997652,130,181,155,204,160,137,99,137,102,203,53.824,53.254,35.609,33.971,53.009,61.0
fake,mid_461_1100.jpg,43,38,156,200,0.999994,96,153,139,188,139,113,72,120,82,194,40.804,58.728,43.324,55.444,57.315,67.365
fake,mid_462_1101.jpg,46,65,147,182,0.993829,119,182,153,203,145,133,81,148,104,213,50.99,55.471,34.438,39.962,50.01,65.734
fake,mid_463_0100.jpg,53,67,139,176,0.999812,124,173,139,211,160,140,98,129,93,202,51.108,48.836,42.45,40.853,46.872,62.968
fake,mid_464_1111.jpg,65,62,123,180,0.997567,148,172,158,204,169,139,114,136,116,202,49.518,39.115,43.863,33.526,42.048,55.082
fake,mid_465_1111.jpg,48,22,160,212,0.998734,130,141,164,184,169,102,90,105,99,187,53.814,55.154,55.471,54.818,65.069,79.057
fake,mid_466_1111.jpg,60,63,136,175,0.999766,131,162,162,189,161,127,98,127,102,192,48.104,46.098,41.725,41.11,60.075,63.0
fake,mid_467_1111.jpg,63,84,119,154,0.999877,95,170,129,200,133,140,81,149,90,207,25.239,48.415,37.336,45.343,39.623,52.773
fake,mid_468_1110.jpg,71,93,110,154,0.993201,120,191,136,216,152,160,101,151,95,209,44.283,44.553,30.806,29.682,41.593,51.788
fake,mid_469_1111.jpg,54,65,143,181,0.998282,131,171,155,202,163,134,96,135,101,201,50.21,48.918,42.426,39.205,54.009,67.007
fake,mid_46_1111.jpg,59,53,134,190,0.995862,128,165,158,192,159,127,94,126,96,191,51.74,49.041,41.231,40.361,62.008,65.008
fake,mid_470_1001.jpg,75,94,113,138,0.998482,128,171,154,197,156,136,102,137,108,197,42.802,44.822,32.802,36.77,46.0,54.009
fake,mid_471_1111.jpg,71,52,118,176,0.999085,132,158,156,187,161,128,105,124,104,185,43.417,41.725,38.897,37.643,52.038,56.143
fake,mid_472_1101.jpg,79,47,154,178,0.999331,191,133,218,177,199,108,133,118,164,188,59.908,26.249,61.27,51.624,55.109,66.753
fake,mid_473_0011.jpg,56,59,137,179,0.988619,112,165,145,195,150,127,84,126,87,193,48.01,53.74,37.537,44.598,58.034,66.008
fake,mid_474_1110.jpg,56,88,120,162,0.972761,119,187,142,213,146,148,90,146,95,212,50.22,47.434,34.655,34.713,47.011,56.036
fake,mid_475_1111.jpg,50,58,131,178,0.999509,99,168,126,201,140,134,78,126,76,194,46.957,53.263,34.713,42.638,50.488,62.514
fake,mid_476_1111.jpg,57,86,126,162,0.999998,121,192,143,214,150,149,90,147,94,212,54.644,51.865,33.601,31.113,49.041,60.033
fake,mid_477_1100.jpg,66,71,136,181,0.998742,131,187,146,216,168,151,106,139,99,205,54.12,51.624,36.715,32.65,48.27,63.151
fake,mid_478_1101.jpg,57,59,129,190,0.998145,125,174,143,204,159,147,99,130,80,186,51.108,43.417,46.573,34.986,65.521,62.362
fake,mid_479_1111.jpg,48,57,144,188,0.996018,97,168,143,188,137,122,74,131,80,197,43.566,60.959,33.615,50.16,63.64,63.64
fake,mid_47_1110.jpg,68,115,125,140,0.983374,132,192,160,225,159,168,101,175,114,231,35.355,36.125,42.953,43.278,46.39,58.421
fake,mid_480_1111.jpg,56,81,129,146,0.999968,132,171,156,188,159,136,100,136,103,188,47.424,44.204,33.615,29.411,53.0,59.0
fake,mid_48_1111.jpg,45,55,138,188,0.997059,108,158,122,205,147,140,84,124,76,194,41.617,42.953,48.166,49.041,47.297,65.0
fake,mid_49_1111.jpg,51,71,128,165,0.999772,115,166,140,199,147,133,86,133,89,196,43.932,45.967,39.699,41.4,51.088,61.0
fake,mid_4_1111.jpg,75,53,160,195,0.998685,178,153,210,187,184,115,118,145,165,210,60.531,38.471,58.464,46.69,50.537,72.498
fake,mid_50_1111.jpg,88,40,135,183,0.994793,176,149,198,175,193,117,138,122,148,180,46.615,36.235,41.773,34.059,50.249,55.227
fake,mid_51_1111.jpg,64,57,136,178,0.997535,140,168,167,191,167,132,107,134,110,192,47.381,45.0,38.419,35.468,57.009,60.033
fake,mid_52_1111.jpg,58,49,145,180,0.99998,124,147,157,181,154,111,91,123,108,190,40.804,46.861,45.88,47.381,49.82,64.133
fake,mid_53_1100.jpg,55,55,126,167,1.0,121,144,144,182,146,117,90,119,98,182,39.825,36.797,44.418,44.418,46.0,56.036
fake,mid_54_1111.jpg,39,42,137,177,0.999915,98,152,131,177,135,116,74,109,75,171,49.244,51.624,29.833,41.4,56.321,61.4
fake,mid_55_1111.jpg,76,70,126,156,0.990761,151,167,184,170,163,123,112,148,132,194,43.382,45.607,33.015,33.136,57.271,56.798
fake,mid_56_1111.jpg,74,67,121,153,0.998254,134,158,165,178,157,117,102,130,122,187,42.521,47.011,31.385,36.892,43.932,56.515
fake,mid_57_1111.jpg,59,52,126,184,0.988677,120,168,151,188,152,121,92,123,95,188,53.0,56.859,32.016,36.892,56.0,60.033
fake,mid_58_1100.jpg,75,81,119,152,0.989784,144,166,165,195,167,133,111,139,124,199,42.638,40.224,38.588,35.805,41.195,56.321
fake,mid_59_1111.jpg,49,48,117,171,0.981448,81,155,118,180,122,113,69,111,69,177,45.607,58.694,25.06,44.654,49.092,53.038
fake,mid_5_0011.jpg,55,76,130,167,0.997133,120,170,149,198,151,140,90,139,92,197,43.139,43.139,38.897,40.311,57.009,61.008
fake,mid_60_1101.jpg,57,81,126,163,0.995348,116,178,145,204,146,139,88,141,93,205,46.4,49.204,35.468,38.949,52.01,58.034
fake,mid_61_1111.jpg,61,50,138,189,0.999731,130,158,160,193,162,125,96,125,99,193,47.381,45.967,46.755,46.098,61.0,66.0
fake,mid_62_1110.jpg,64,89,110,143,0.990878,134,172,146,197,153,140,104,136,98,194,46.861,37.216,42.19,27.731,48.094,49.163
fake,mid_63_1111.jpg,76,69,132,174,0.998068,174,167,189,188,188,130,132,136,130,193,52.202,39.56,51.108,25.807,59.211,56.321
fake,mid_64_1100.jpg,47,32,149,199,0.989144,115,168,145,188,160,124,89,106,74,172,67.231,62.936,41.195,36.056,72.78,73.246
fake,mid_65_1111.jpg,60,80,117,161,0.990049,116,180,140,203,145,145,88,145,93,204,44.822,45.453,33.242,33.242,47.011,57.0
fake,mid_66_1100.jpg,53,56,129,177,0.96699,102,158,137,189,140,130,80,130,80,190,35.609,47.202,38.833,46.755,57.009,60.0
fake,mid_67_1111.jpg,58,71,147,184,0.834629,119,176,157,209,150,141,89,155,101,222,36.62,46.755,49.396,50.329,57.489,62.586
fake,mid_68_1111.jpg,67,56,146,199,0.999948,168,174,178,210,194,137,132,128,124,202,58.412,45.222,52.154,37.363,54.589,62.65
fake,mid_69_1111.jpg,59,53,149,182,0.99994,134,147,163,193,164,125,97,126,106,196,42.544,37.202,56.436,54.378,57.079,67.007
fake,mid_6_1111.jpg,72,82,123,161,0.99453,134,180,162,201,161,147,104,151,110,204,41.725,42.638,33.941,35.0,52.086,57.14
fake,mid_70_1111.jpg,51,40,149,193,0.998882,124,151,160,186,155,111,88,122,99,194,46.228,50.606,49.739,50.21,61.522,67.897
fake,mid_71_1111.jpg,46,48,145,190,0.994766,106,157,139,195,148,123,77,124,81,195,43.932,54.037,45.486,50.329,58.0,71.007
fake,mid_72_1111.jpg,68,105,119,138,0.973553,97,180,141,194,123,138,80,165,105,215,22.672,49.396,35.903,46.174,41.677,50.774
fake,mid_73_1110.jpg,41,59,156,193,0.995329,99,169,150,193,127,122,71,155,103,218,31.305,54.708,49.163,56.365,53.235,65.0
fake,mid_74_1111.jpg,81,50,125,190,0.999647,182,165,184,202,194,135,139,127,137,195,57.385,32.311,54.083,37.054,47.518,55.579
fake,mid_75_1111.jpg,90,54,127,185,0.999997,188,152,198,187,198,119,142,121,149,192,55.471,34.482,55.866,36.401,49.254,56.036
fake,mid_76_1111.jpg,72,49,142,206,0.99997,180,159,188,207,198,131,135,120,136,201,59.548,33.287,60.828,48.662,52.345,63.953
fake,mid_77_1110.jpg,53,33,153,193,0.999687,131,138,164,181,165,111,95,114,104,183,43.267,43.417,52.479,54.203,60.033,70.064
fake,mid_78_1101.jpg,55,71,126,162,0.999639,95,171,129,197,133,133,76,139,84,201,37.216,53.74,31.953,42.802,45.177,57.315
fake,mid_79_1111.jpg,73,40,144,196,0.999655,184,137,206,176,192,110,124,119,148,186,62.642,28.16,60.803,44.777,58.856,68.593
fake,mid_7_1100.jpg,58,61,132,176,0.999817,133,165,156,193,157,133,95,136,107,197,47.802,40.0,41.231,36.235,49.163,62.073
fake,mid_80_1111.jpg,53,46,148,193,0.999999,153,140,177,190,173,116,106,117,116,191,52.326,31.241,63.008,55.462,61.008,67.007
fake,mid_81_1101.jpg,74,39,150,205,0.999972,179,141,204,187,197,115,130,119,144,192,53.712,31.623,61.855,52.355,60.208,67.119
fake,mid_82_1111.jpg,69,59,138,192,0.999468,128,173,159,208,165,134,99,132,103,207,50.22,53.759,42.202,46.755,56.009,66.03
fake,mid_83_1111.jpg,50,59,136,178,0.9997,108,171,135,204,150,133,86,125,81,197,50.99,56.639,37.483,42.638,54.452,64.498
fake,mid_84_1111.jpg,47,69,131,163,0.999296,99,174,136,193,126,128,74,141,93,203,41.4,53.339,29.614,41.593,44.147,53.6
fake,mid_85_0011.jpg,80,65,130,172,0.999298,178,159,197,191,185,127,129,139,153,201,52.924,32.757,48.877,37.216,45.122,57.271
fake,mid_86_1111.jpg,54,47,131,171,0.999673,120,140,146,174,149,120,90,116,90,173,38.419,35.228,44.598,42.802,56.009,59.135
fake,mid_87_1111.jpg,62,61,125,180,0.993899,122,174,158,187,151,127,92,130,92,192,53.254,55.227,34.986,38.275,66.189,59.076
fake,mid_88_1110.jpg,57,62,130,179,0.991569,118,173,145,195,152,133,91,128,87,194,52.479,52.498,37.443,34.828,58.009,61.205
fake,mid_89_1111.jpg,64,72,126,181,0.883508,118,179,146,211,146,143,89,145,99,213,44.688,45.607,38.949,42.521,47.043,57.035
fake,mid_8_1111.jpg,30,15,182,224,0.998265,113,141,156,183,157,93,74,98,84,184,58.052,65.115,51.865,60.108,72.007,83.15
fake,mid_90_1111.jpg,40,42,141,187,0.99204,101,153,134,190,146,114,79,111,80,187,47.413,59.548,39.962,49.578,54.083,67.067
fake,mid_91_1111.jpg,51,34,147,210,0.999864,97,164,134,197,146,121,77,119,82,195,49.244,65.192,34.438,49.578,52.038,69.029
fake,mid_92_1111.jpg,86,56,143,186,0.995643,193,150,213,174,194,108,136,130,156,197,60.407,42.012,59.816,31.241,61.465,62.032
fake,mid_93_1111.jpg,75,74,110,154,0.992933,127,170,152,197,154,138,102,138,107,197,40.608,41.869,33.601,36.797,45.0,52.0
fake,mid_94_1111.jpg,71,35,122,179,0.986391,123,132,151,174,160,107,94,106,100,174,38.949,44.654,47.885,50.478,51.0,66.008
fake,mid_95_1100.jpg,75,65,127,183,1.0,174,169,172,207,188,144,138,132,130,197,51.624,28.653,52.154,38.053,43.174,51.42
fake,mid_96_1111.jpg,56,65,104,152,0.999769,61,150,81,188,104,128,70,120,59,183,31.321,48.301,33.061,42.942,22.561,34.928
fake,mid_97_1111.jpg,92,79,111,153,0.999799,181,170,188,196,186,136,137,138,149,200,54.406,34.366,43.863,26.926,39.205,49.041
fake,mid_98_1111.jpg,111,59,113,148,0.999994,212,143,212,173,216,116,175,113,175,171,47.634,27.295,46.4,30.0,37.054,41.11
fake,mid_99_1100.jpg,23,47,148,189,0.999971,70,158,113,187,108,116,49,131,65,197,34.205,56.639,39.319,51.865,49.031,60.877
fake,mid_9_1110.jpg,61,80,120,166,0.958183,116,177,151,198,146,144,90,145,88,200,41.231,44.598,36.235,40.817,63.032,56.009
